date,channel,campaign,spend,clicks,sessions,orders,new_customers,attributed_revenue
2025-01-10,Meta,Catalog Ads,5234.57,41,765,10,6,10519.62
2025-01-10,Meta,New Collection,8028.53,176,3573,65,29,78048.65
2025-01-10,Google,Brand Search,5902.88,69,3083,44,32,40845.25
2025-01-10,Organic,Email CRM,0.0,40,1034,13,10,19259.58
2025-01-10,Organic,Direct,0.0,153,3056,47,26,70673.49
2025-01-10,Influencer,Micro Influencer Push,3457.2,118,3920,49,34,54628.08
2025-01-10,Influencer,Creator A,9574.42,14,752,14,7,14642.35
2025-01-10,Affiliate,Coupon Partners,7417.29,155,3259,28,18,32606.71
2025-01-11,Meta,Lookalike,5798.66,42,1226,23,16,27034.28
2025-01-11,Meta,Festive Fashion,8904.75,30,786,13,9,13838.88
2025-01-11,Google,Remarketing,7415.64,139,2558,44,29,54152.21
2025-01-11,Organic,Direct,0.0,116,2945,36,20,54712.62
2025-01-11,Influencer,Festive Creators,7049.47,109,3416,58,39,64011.49
2025-01-11,Affiliate,Deal Week,3947.88,105,3520,35,22,33773.36
2025-01-12,Meta,Diwali Sale,16183.5,106,3341,53,25,42773.24
2025-01-12,Google,Shopping Ads,9485.77,71,3622,29,13,26447.5
2025-01-12,Google,Diwali Search,5160.11,117,2504,25,17,28547.93
2025-01-12,Organic,WhatsApp Community,0.0,197,4060,48,29,72585.06
2025-01-12,Organic,Direct,0.0,142,5376,55,32,83545.23
2025-01-12,Influencer,Festive Creators,7671.5,61,2246,25,18,27027.37
2025-01-12,Influencer,Celebrity Drop,8155.3,122,2451,41,26,36568.31
2025-01-12,Affiliate,Coupon Partners,8473.94,31,1920,18,10,16595.22
2025-01-13,Meta,Festive Fashion,2292.99,41,1148,18,10,22006.62
2025-01-13,Meta,Retargeting,10151.69,141,4199,29,18,28643.57
2025-01-13,Google,Performance Max,7317.05,154,3604,58,38,52998.15
2025-01-13,Organic,Email CRM,0.0,122,5657,92,54,109204.91
2025-01-13,Organic,SEO Content,0.0,99,2377,27,15,31904.17
2025-01-13,Influencer,Creator B,3289.96,113,3773,58,37,65354.18
2025-01-13,Affiliate,Deal Week,2335.64,105,2636,47,30,57765.64
2025-01-13,Affiliate,,6156.34,37,2217,37,25,39449.93
2025-01-14,Meta,Diwali Sale,14727.86,75,2246,25,11,26648.87
2025-01-14,Google,Brand Search,6131.63,48,1331,17,11,16429.71
2025-01-14,Organic,Instagram Organic,0.0,139,5902,95,55,126403.2
2025-01-14,Influencer,Festive Creators,8622.12,55,2673,26,12,24607.61
2025-01-14,Influencer,Celebrity Drop,4592.63,91,4040,67,42,54037.47
2025-01-14,Affiliate,Deal Week,10317.26,19,661,7,5,8307.88
2025-01-15,Meta,Diwali Sale,7425.74,74,3918,65,37,64665.9
2025-01-15,Meta,Festive Fashion,7884.07,201,3793,27,18,27604.86
2025-01-15,Google,Generic Search,3789.86,48,1534,10,5,8427.62
2025-01-15,Google,Brand Search,16858.49,142,2989,57,27,66923.47
2025-01-15,Organic,Email CRM,0.0,223,4126,72,38,101793.48
2025-01-15,Influencer,,17044.19,64,3508,62,34,61168.22
2025-01-15,Affiliate,Coupon Partners,4138.42,134,3272,60,38,70528.98
2025-01-16,Meta,Festive Fashion,4872.32,92,1853,22,15,22161.03
2025-01-16,Google,Brand Search,5573.57,27,678,7,4,8508.1
2025-01-16,Organic,Email CRM,0.0,40,1255,10,5,15313.1
2025-01-16,Organic,Instagram Organic,0.0,183,5686,71,38,93532.13
2025-01-16,Influencer,Micro Influencer Push,2820.47,67,4061,36,17,44497.41
2025-01-16,Affiliate,Fashion Blogs,3535.56,116,3179,58,36,60766.25
2025-01-17,Meta,Always On,7956.55,197,3591,22,11,24428.3
2025-01-17,Google,Performance Max,8305.77,188,3515,28,16,27410.22
2025-01-17,Organic,SEO Content,0.0,27,1603,15,10,19313.38
2025-01-17,Organic,WhatsApp Community,0.0,169,3901,34,21,52384.62
2025-01-17,Influencer,Creator A,7150.87,63,2313,21,11,23418.29
2025-01-17,Affiliate,Deal Week,7198.51,125,2440,36,19,43831.53
2025-01-18,Meta,Flash Sale,3635.95,10,579,6,4,6389.15
2025-01-18,Google,Remarketing,5382.77,138,2640,37,22,39212.43
2025-01-18,Organic,WhatsApp Community,0.0,239,4932,87,39,110896.15
2025-01-18,Influencer,Creator A,6646.97,68,3447,48,33,53666.22
2025-01-18,Influencer,Celebrity Drop,7999.72,56,3200,48,28,57302.94
2025-01-18,Affiliate,Deal Week,5387.31,202,4182,45,26,49059.48
2025-01-19,Meta,,4907.02,73,3453,28,14,25438.22
2025-01-19,Meta,Festive Fashion,3953.3,69,1903,20,11,20905.48
2025-01-19,Google,Brand Search,4776.47,225,4366,81,42,92210.97
2025-01-19,Google,Diwali Search,9710.19,79,2084,30,15,36571.58
2025-01-19,Organic,WhatsApp Community,0.0,67,2172,21,13,32768.83
2025-01-19,Influencer,Creator A,2957.26,135,4112,49,28,42243.14
2025-01-19,Influencer,,7796.23,34,1918,33,23,32590.97
2025-01-19,Affiliate,Cashback Partners,1851.51,38,713,11,8,9474.03
2025-01-19,Affiliate,Fashion Blogs,12843.63,64,2325,31,15,38350.34
2025-01-20,Meta,Diwali Sale,3462.86,83,3662,64,29,63526.42
2025-01-20,Google,Generic Search,1364.71,31,1176,18,12,18731.84
2025-01-20,Google,Diwali Search,3986.15,123,2298,33,24,29894.42
2025-01-20,Organic,WhatsApp Community,0.0,43,2280,20,13,24771.34
2025-01-20,Influencer,Festive Creators,8570.18,160,3214,24,10,29735.59
2025-01-20,Affiliate,Cashback Partners,7587.21,102,2350,44,22,44919.91
2025-01-21,Meta,Diwali Sale,8120.09,84,1753,24,11,19438.29
2025-01-21,Meta,Festive Fashion,4426.58,72,1330,15,10,13690.2
2025-01-21,Google,Diwali Search,6376.8,132,2714,37,22,45740.87
2025-01-21,Google,Generic Search,5861.35,166,3146,22,13,27299.93
2025-01-21,Organic,WhatsApp Community,0.0,67,3328,56,33,74465.26
2025-01-21,Organic,Email CRM,0.0,253,5412,48,24,64825.81
2025-01-21,Influencer,Creator B,9648.18,39,1058,18,11,15117.53
2025-01-21,Affiliate,Coupon Partners,9955.39,140,3813,50,21,52996.45
2025-01-22,Meta,Flash Sale,11297.16,152,2982,29,18,24980.95
2025-01-22,Google,Diwali Search,3359.66,176,3271,21,14,24485.68
2025-01-22,Google,Performance Max,4358.41,34,798,14,9,17068.04
2025-01-22,Organic,Email CRM,0.0,70,2040,17,9,22095.84
2025-01-22,Influencer,Micro Influencer Push,3858.15,118,3548,24,16,24227.69
2025-01-22,Affiliate,Coupon Partners,12133.91,116,3812,61,39,51905.74
2025-01-23,Meta,Festive Fashion,9134.14,64,2184,23,11,21968.6
2025-01-23,Google,Remarketing,1969.25,113,3699,41,20,34221.48
2025-01-23,Organic,Email CRM,0.0,80,4283,40,24,46067.14
2025-01-23,Influencer,Micro Influencer Push,7146.41,36,1988,34,17,42208.08
2025-01-23,Affiliate,Coupon Partners,10007.22,189,4082,41,19,33852.04
2025-01-23,Affiliate,Fashion Blogs,6932.83,52,1582,14,7,16571.88
2025-01-24,Meta,Festive Fashion,7346.38,72,1382,14,7,11761.43
2025-01-24,Google,Generic Search,3079.66,126,3198,28,16,29081.63
2025-01-24,Organic,Direct,0.0,53,3208,33,20,41835.9
2025-01-24,Organic,SEO Content,0.0,31,1470,11,5,14507.09
2025-01-24,Influencer,Festive Creators,10029.18,89,3814,31,20,27700.49
2025-01-24,Affiliate,Coupon Partners,4441.62,66,1219,14,7,12390.68
2025-01-25,Meta,Retargeting,6532.26,88,3700,65,33,73790.03
2025-01-25,Google,Diwali Search,5122.19,15,430,3,2,3375.37
2025-01-25,Organic,Direct,0.0,237,4525,40,26,52272.5
2025-01-25,Influencer,Creator A,5165.44,196,3626,65,46,53139.86
2025-01-25,Affiliate,Cashback Partners,8900.62,88,3599,63,36,57981.67
2025-01-25,Affiliate,Coupon Partners,5506.09,53,3125,47,20,55240.05
2025-01-26,Meta,New Collection,11815.55,49,2333,22,11,23544.94
2025-01-26,Google,Generic Search,3234.34,58,3291,38,18,40690.86
2025-01-26,Organic,Email CRM,0.0,117,5145,45,31,69425.0
2025-01-26,Influencer,Creator A,7862.49,136,3600,28,13,25772.26
2025-01-26,Affiliate,Cashback Partners,5177.57,138,2678,30,21,36666.44
2025-01-27,Meta,Flash Sale,18627.63,83,2281,31,19,34906.51
2025-01-27,Meta,Always On,4619.08,99,2472,27,15,23269.34
2025-01-27,Google,Generic Search,2719.63,63,2731,38,26,46296.33
2025-01-27,Google,Performance Max,8518.57,26,552,6,3,6372.57
2025-01-27,Organic,Instagram Organic,0.0,152,3835,41,27,48121.04
2025-01-27,Influencer,Micro Influencer Push,3509.24,70,1406,23,11,22555.1
2025-01-27,Influencer,Creator B,10206.64,46,869,15,10,16874.74
2025-01-27,Affiliate,Deal Week,5097.7,64,2202,23,13,22344.09
2025-01-27,Affiliate,,3139.32,58,3140,42,19,44541.09
2025-01-28,Meta,Diwali Sale,3562.76,74,3083,30,20,33552.89
2025-01-28,Google,Shopping Ads,9100.44,76,2331,16,7,14271.17
2025-01-28,Organic,Instagram Organic,0.0,95,1799,28,13,37645.28
2025-01-28,Organic,WhatsApp Community,0.0,51,1694,14,9,16362.61
2025-01-28,Influencer,Creator B,10120.6,33,724,9,5,8913.89
2025-01-28,Affiliate,Fashion Blogs,12992.17,129,3536,44,30,48979.05
2025-01-28,Affiliate,Deal Week,5216.52,61,2755,23,14,24695.32
2025-01-29,Meta,Always On,5249.6,84,3002,22,13,21990.18
2025-01-29,Google,Brand Search,7995.38,112,2718,29,15,31659.79
2025-01-29,Google,Shopping Ads,6038.41,112,2669,49,23,58946.49
2025-01-29,Organic,SEO Content,0.0,99,3059,43,31,69458.92
2025-01-29,Influencer,Festive Creators,3823.54,65,2692,30,14,35053.37
2025-01-29,Affiliate,Coupon Partners,7770.65,161,3659,24,14,22071.88
2025-01-30,Meta,Always On,9527.97,36,1646,23,12,22780.25
2025-01-30,Meta,Retargeting,6727.16,151,2871,21,10,22040.4
2025-01-30,Google,Diwali Search,10403.87,12,526,7,4,5778.35
2025-01-30,Organic,SEO Content,0.0,67,3482,55,37,84980.76
2025-01-30,Influencer,Celebrity Drop,4210.92,76,2190,25,17,23706.6
2025-01-30,Affiliate,Deal Week,11397.57,158,4429,44,30,40933.04
2025-01-31,Meta,Diwali Sale,12561.99,45,1279,9,5,8280.46
2025-01-31,Google,Remarketing,6730.11,50,1533,10,6,9306.41
2025-01-31,Organic,Instagram Organic,0.0,204,3716,43,18,70566.47
2025-01-31,Influencer,Festive Creators,6862.19,154,4469,78,50,83613.53
2025-01-31,Influencer,Micro Influencer Push,4201.57,133,3898,36,19,38254.37
2025-01-31,Affiliate,Deal Week,8786.03,17,542,8,5,7347.81
2025-02-01,Meta,Flash Sale,4852.75,24,1359,20,10,17936.13
2025-02-01,Google,Brand Search,3245.55,146,3768,26,17,30403.58
2025-02-01,Organic,Instagram Organic,0.0,52,2142,17,12,27286.36
2025-02-01,Influencer,Creator B,5462.84,158,3908,41,28,42292.26
2025-02-01,Influencer,Celebrity Drop,7473.96,26,1553,23,10,23803.18
2025-02-01,Affiliate,Cashback Partners,8290.53,226,4162,49,35,51865.32
2025-02-02,Meta,Always On,4675.58,54,1603,25,13,29885.92
2025-02-02,Meta,Retargeting,7324.13,111,2180,38,19,41053.73
2025-02-02,Google,Generic Search,4781.14,106,3113,50,25,61706.01
2025-02-02,Organic,WhatsApp Community,0.0,60,3453,66,33,86321.82
2025-02-02,Organic,Email CRM,0.0,115,2404,38,23,56840.08
2025-02-02,Influencer,Creator A,6279.89,101,2470,42,21,38307.72
2025-02-02,Affiliate,Fashion Blogs,2618.53,167,3613,61,33,58415.65
2025-02-03,Meta,Diwali Sale,5553.14,144,4484,70,43,68472.86
2025-02-03,Meta,Retargeting,7894.17,127,3123,52,35,54557.4
2025-02-03,Google,Brand Search,8131.68,102,2077,38,24,34514.51
2025-02-03,Organic,Instagram Organic,0.0,177,4399,54,32,70376.96
2025-02-03,Organic,Email CRM,0.0,143,4962,71,33,113181.5
2025-02-03,Influencer,Festive Creators,2950.93,155,3737,48,32,52872.63
2025-02-03,Influencer,Micro Influencer Push,15110.87,72,1716,30,13,33257.78
2025-02-03,Affiliate,Coupon Partners,6118.66,58,1084,13,6,16057.75
2025-02-03,Affiliate,Fashion Blogs,14320.32,53,1770,30,13,26851.32
2025-02-04,Meta,Lookalike,3636.17,16,493,8,5,7830.2
2025-02-04,Meta,Diwali Sale,8346.27,40,835,16,8,19682.92
2025-02-04,Google,Brand Search,7985.93,27,769,7,5,7765.95
2025-02-04,Organic,Email CRM,0.0,188,4228,65,34,88099.47
2025-02-04,Influencer,Creator A,4024.38,112,3361,53,30,55295.52
2025-02-04,Affiliate,Deal Week,3056.09,77,3256,59,33,49515.65
2025-02-05,Meta,Flash Sale,11721.02,103,2293,41,18,49152.15
2025-02-05,Google,Shopping Ads,4598.3,68,3339,45,25,48647.74
2025-02-05,Organic,Email CRM,0.0,21,906,13,8,17393.27
2025-02-05,Influencer,Creator A,6167.87,164,4092,34,20,35470.42
2025-02-05,Affiliate,Deal Week,5834.49,110,2454,46,21,45004.53
2025-02-06,Meta,Festive Fashion,10045.54,216,4246,40,25,36720.63
2025-02-06,Google,Diwali Search,12725.14,27,1024,16,8,18210.18
2025-02-06,Google,Shopping Ads,12720.19,47,2439,40,17,41203.49
2025-02-06,Organic,SEO Content,0.0,317,5959,70,33,112492.41
2025-02-06,Influencer,Celebrity Drop,4043.17,52,2432,22,12,21593.36
2025-02-06,Affiliate,Coupon Partners,6379.59,51,2229,19,10,23072.12
2025-02-07,Meta,Always On,5960.28,29,1081,19,12,18438.3
2025-02-07,Google,Brand Search,4363.72,71,1962,25,13,24693.32
2025-02-07,Organic,WhatsApp Community,0.0,51,1021,8,5,12546.96
2025-02-07,Influencer,Celebrity Drop,4595.47,74,1636,25,13,28962.9
2025-02-07,Influencer,Creator A,4525.07,139,3203,30,18,32998.41
2025-02-07,Affiliate,Coupon Partners,6510.45,66,2984,52,35,61348.93
2025-02-08,Meta,New Collection,4197.66,85,2889,29,16,24828.58
2025-02-08,Google,Brand Search,6623.25,64,1883,16,7,19400.94
2025-02-08,Organic,WhatsApp Community,0.0,125,5997,43,25,70227.89
2025-02-08,Influencer,Micro Influencer Push,3586.13,20,759,10,7,10343.0
2025-02-08,Affiliate,Fashion Blogs,11614.67,49,1804,22,16,23775.96
2025-02-09,Meta,Always On,4757.05,18,883,14,7,12594.61
2025-02-09,Meta,Catalog Ads,2653.23,66,1789,22,14,22065.9
2025-02-09,Google,Performance Max,8253.57,188,4343,46,24,41177.84
2025-02-09,Organic,Email CRM,0.0,19,1062,10,5,11832.44
2025-02-09,Influencer,Celebrity Drop,7546.39,141,4125,40,25,49492.65
2025-02-09,Influencer,Festive Creators,8981.26,112,2429,44,25,40479.4
2025-02-09,Affiliate,,7018.95,147,3268,27,16,28804.06
2025-02-10,Meta,Retargeting,7650.83,108,2275,43,29,40336.51
2025-02-10,Meta,,4031.0,49,1490,16,8,15503.97
2025-02-10,Google,Diwali Search,11554.61,169,3533,26,16,25504.19
2025-02-10,Organic,Email CRM,0.0,87,3533,33,17,41965.09
2025-02-10,Influencer,Creator B,8551.17,44,1480,10,5,10862.91
2025-02-10,Affiliate,Fashion Blogs,5652.1,79,3592,59,31,72483.71
2025-02-11,Meta,New Collection,2057.94,50,1470,19,13,18895.58
2025-02-11,Google,Diwali Search,8691.41,102,3339,35,20,43189.48
2025-02-11,Google,Generic Search,12728.2,90,3634,53,24,58281.72
2025-02-11,Organic,WhatsApp Community,0.0,65,1440,21,13,27309.01
2025-02-11,Influencer,Creator B,8638.33,94,3421,63,45,57348.59
2025-02-11,Influencer,Festive Creators,10782.91,39,1516,28,20,23343.97
2025-02-11,Affiliate,,5836.34,15,724,11,7,12986.75
2025-02-12,Meta,Catalog Ads,6063.39,26,795,13,7,13759.3
2025-02-12,Google,Generic Search,10050.34,61,2232,37,22,36565.32
2025-02-12,Organic,Direct,0.0,41,1385,17,12,23156.99
2025-02-12,Organic,SEO Content,0.0,107,4385,67,45,92899.86
2025-02-12,Influencer,Micro Influencer Push,6392.07,103,2268,16,11,18409.23
2025-02-12,Affiliate,Cashback Partners,3738.66,172,3286,52,29,49412.63
2025-02-12,Affiliate,Deal Week,8994.82,43,1229,23,11,27851.32
2025-02-13,Meta,Catalog Ads,7717.78,137,3358,24,14,22172.74
2025-02-13,Google,Diwali Search,12216.41,82,1654,28,13,24262.75
2025-02-13,Google,Performance Max,6812.88,204,3715,68,30,75682.42
2025-02-13,Organic,Direct,0.0,182,4612,41,24,53125.18
2025-02-13,Influencer,Creator A,5321.23,134,2642,34,21,41597.28
2025-02-13,Affiliate,Deal Week,7141.54,58,1124,21,14,22979.72
2025-02-14,Meta,Catalog Ads,5534.93,107,2299,43,28,39024.66
2025-02-14,Google,Performance Max,2173.14,131,3912,30,21,26935.78
2025-02-14,Google,Generic Search,3100.92,9,480,5,3,6061.22
2025-02-14,Organic,SEO Content,0.0,23,1503,23,14,35540.18
2025-02-14,Influencer,Creator A,7197.93,82,2420,22,9,26377.83
2025-02-14,Affiliate,Coupon Partners,7047.9,116,3349,34,21,29053.38
2025-02-14,Affiliate,Cashback Partners,4800.64,98,3119,20,9,24258.2
2025-02-15,Meta,Festive Fashion,4359.12,82,2171,18,8,18624.52
2025-02-15,Meta,Flash Sale,4426.52,62,1665,22,11,24198.45
2025-02-15,Google,Shopping Ads,3258.19,144,2971,43,29,41709.52
2025-02-15,Google,Generic Search,14514.69,19,974,14,9,11648.72
2025-02-15,Organic,WhatsApp Community,0.0,141,5880,95,67,119854.1
2025-02-15,Influencer,Micro Influencer Push,5111.82,37,788,9,7,11190.04
2025-02-15,Affiliate,Cashback Partners,6014.75,150,3064,30,21,28989.81
2025-02-16,Meta,Flash Sale,3306.1,163,2977,19,9,23199.63
2025-02-16,Google,Generic Search,4994.22,37,746,7,5,6158.55
2025-02-16,Google,Shopping Ads,4286.64,177,3505,36,24,31466.09
2025-02-16,Organic,WhatsApp Community,0.0,70,2534,21,15,31463.43
2025-02-16,Influencer,Micro Influencer Push,7788.76,113,3626,23,11,22495.75
2025-02-16,Influencer,Festive Creators,7183.73,15,570,5,2,4145.23
2025-02-16,Affiliate,Fashion Blogs,3788.83,45,1135,17,12,16652.61
2025-02-17,Meta,New Collection,12239.0,127,2425,35,17,30341.3
2025-02-17,Meta,,10592.96,34,1171,22,12,24799.18
2025-02-17,Google,Performance Max,12013.24,65,1752,29,16,34001.0
2025-02-17,Google,Diwali Search,7729.53,83,3108,42,19,46555.17
2025-02-17,Organic,WhatsApp Community,0.0,55,2523,20,9,31517.68
2025-02-17,Influencer,Festive Creators,3393.81,72,3178,43,31,49157.78
2025-02-17,Affiliate,Coupon Partners,8171.99,14,823,6,4,5494.47
2025-02-18,Meta,Diwali Sale,11344.99,59,1118,13,9,14819.59
2025-02-18,Google,,5966.5,87,2809,31,16,32720.9
2025-02-18,Organic,Direct,0.0,117,2414,28,14,40651.78
2025-02-18,Organic,WhatsApp Community,0.0,137,3252,32,18,42466.54
2025-02-18,Influencer,Creator B,8601.55,37,1629,25,14,29246.87
2025-02-18,Affiliate,Cashback Partners,3076.26,92,4192,71,30,86561.78
2025-02-18,Affiliate,Coupon Partners,1202.95,212,4457,72,47,79115.67
2025-02-19,Meta,Retargeting,4800.82,71,2782,40,29,49204.91
2025-02-19,Google,Brand Search,11028.6,115,2232,29,17,35285.57
2025-02-19,Google,Performance Max,8086.71,38,1822,12,6,10699.34
2025-02-19,Organic,WhatsApp Community,0.0,76,1806,28,15,34830.48
2025-02-19,Influencer,Creator A,8659.1,134,2822,37,17,35506.15
2025-02-19,Affiliate,Coupon Partners,3920.08,39,1608,16,8,16326.29
2025-02-19,Affiliate,Cashback Partners,7078.97,13,493,5,3,4375.31
2025-02-20,Meta,New Collection,2224.49,55,1021,19,10,23457.86
2025-02-20,Meta,Catalog Ads,2007.36,111,4330,61,36,68643.61
2025-02-20,Google,Performance Max,7119.18,68,2114,26,18,24008.37
2025-02-20,Organic,Instagram Organic,0.0,99,3066,43,21,52338.44
2025-02-20,Organic,WhatsApp Community,0.0,49,1970,23,10,35008.01
2025-02-20,Influencer,Micro Influencer Push,3301.85,166,3609,44,19,49927.34
2025-02-20,Influencer,Creator B,5900.99,31,666,7,3,8491.31
2025-02-20,Affiliate,Coupon Partners,5357.87,22,739,9,5,8526.37
2025-02-20,Affiliate,Cashback Partners,5273.82,74,1530,23,15,23317.17
2025-02-21,Meta,Diwali Sale,4063.41,56,2395,16,11,17069.77
2025-02-21,Google,Diwali Search,7848.59,48,3151,52,32,50907.38
2025-02-21,Google,Remarketing,8492.08,91,2411,24,13,24665.26
2025-02-21,Organic,SEO Content,0.0,64,1162,18,8,24922.19
2025-02-21,Influencer,Creator A,6206.65,70,4245,61,33,53665.94
2025-02-21,Affiliate,Cashback Partners,5165.85,25,1060,16,8,15718.38
2025-02-22,Meta,Always On,4160.14,98,2744,38,26,45915.94
2025-02-22,Meta,,6865.26,124,2623,49,28,47022.81
2025-02-22,Google,Shopping Ads,9626.24,43,2341,30,15,27476.22
2025-02-22,Organic,SEO Content,0.0,86,2780,43,22,50445.87
2025-02-22,Organic,Direct,0.0,194,4328,66,30,108366.7
2025-02-22,Influencer,Creator B,7876.83,129,4310,39,27,39308.45
2025-02-22,Affiliate,Cashback Partners,3212.84,40,1759,17,8,13767.15
2025-02-23,Meta,Lookalike,3028.36,60,2634,31,13,34366.7
2025-02-23,Google,Remarketing,7248.7,80,2534,25,12,24713.4
2025-02-23,Organic,Instagram Organic,0.0,164,4791,52,34,77253.88
2025-02-23,Influencer,Creator A,6868.03,109,2199,25,14,23203.78
2025-02-23,Influencer,Micro Influencer Push,4469.72,64,1566,22,13,17756.38
2025-02-23,Affiliate,Deal Week,7029.02,21,488,5,3,4787.56
2025-02-23,Affiliate,Fashion Blogs,2103.77,103,1891,31,14,34593.54
2025-02-24,Meta,Diwali Sale,4588.89,119,3787,45,30,44049.9
2025-02-24,Meta,Retargeting,5651.97,14,440,7,3,6316.88
2025-02-24,Google,Brand Search,5465.52,212,4074,29,13,29291.62
2025-02-24,Organic,Email CRM,0.0,67,2702,33,19,51879.01
2025-02-24,Organic,Direct,0.0,113,2551,16,7,21905.51
2025-02-24,Influencer,Micro Influencer Push,6080.46,74,1638,24,11,26644.49
2025-02-24,Affiliate,Fashion Blogs,5813.15,51,2671,28,19,30784.76
2025-02-24,Affiliate,Cashback Partners,16083.08,57,1694,31,18,30040.52
2025-02-25,Meta,Flash Sale,11571.6,19,845,9,4,11094.04
2025-02-25,Google,Shopping Ads,15274.68,70,3130,42,22,50375.56
2025-02-25,Organic,Instagram Organic,0.0,165,4916,46,30,74875.09
2025-02-25,Influencer,Micro Influencer Push,1910.05,24,887,13,6,10656.34
2025-02-25,Affiliate,Fashion Blogs,11224.2,73,1553,19,9,17890.39
2025-02-26,Meta,Catalog Ads,14886.75,72,1399,15,9,13440.87
2025-02-26,Google,Shopping Ads,9385.42,146,3103,27,17,28259.7
2025-02-26,Google,Performance Max,9462.57,87,3394,26,18,31459.67
2025-02-26,Organic,Instagram Organic,0.0,114,4374,33,18,41242.16
2025-02-26,Organic,SEO Content,0.0,130,5143,98,43,121771.67
2025-02-26,Influencer,Festive Creators,8433.39,72,3551,41,24,40774.0
2025-02-26,Influencer,Creator B,4411.89,90,1714,11,7,9043.27
2025-02-26,Affiliate,Cashback Partners,9141.43,26,841,16,7,16724.77
2025-02-27,Meta,Catalog Ads,12760.15,70,2920,19,11,15844.28
2025-02-27,Meta,Flash Sale,6104.45,203,4155,48,23,58498.55
2025-02-27,Google,Remarketing,6588.03,136,4398,68,46,80730.15
2025-02-27,Google,Generic Search,8314.13,22,1343,24,16,21605.27
2025-02-27,Organic,WhatsApp Community,0.0,119,5521,85,47,135589.23
2025-02-27,Influencer,Creator B,10974.39,22,553,7,5,7390.51
2025-02-27,Affiliate,Deal Week,4861.28,45,979,19,13,22009.16
2025-02-28,Meta,Catalog Ads,11801.2,63,2674,18,8,18273.16
2025-02-28,Google,Remarketing,7686.68,137,2641,50,27,44518.22
2025-02-28,Organic,Direct,0.0,250,5088,87,52,138839.69
2025-02-28,Organic,Email CRM,0.0,278,5676,103,46,144149.5
2025-02-28,Influencer,Celebrity Drop,7113.16,92,3802,36,19,38270.56
2025-02-28,Influencer,Creator B,5452.87,39,2286,18,9,16192.22
2025-02-28,Affiliate,Fashion Blogs,10817.25,185,3713,55,39,60895.48
2025-03-01,Meta,Catalog Ads,2537.68,118,4349,56,30,65526.12
2025-03-01,Google,Performance Max,3598.22,68,1700,22,15,18792.47
2025-03-01,Organic,WhatsApp Community,0.0,137,3024,55,29,66709.12
2025-03-01,Organic,Direct,0.0,59,2912,41,19,53406.94
2025-03-01,Influencer,Celebrity Drop,10218.13,139,3002,30,21,26340.71
2025-03-01,Affiliate,Cashback Partners,7674.51,84,1592,18,8,18992.32
2025-03-01,Affiliate,Coupon Partners,2177.19,130,2949,23,10,25332.94
2025-03-02,Meta,Festive Fashion,3838.27,82,2511,22,12,21164.86
2025-03-02,Google,Brand Search,5553.45,206,4112,33,21,38670.76
2025-03-02,Google,Performance Max,7969.03,52,1449,24,13,24733.61
2025-03-02,Organic,Direct,0.0,114,2539,39,17,59555.97
2025-03-02,Influencer,Festive Creators,1929.44,203,4237,55,28,47739.22
2025-03-02,Influencer,Micro Influencer Push,8261.96,51,1140,13,6,10611.02
2025-03-02,Affiliate,Coupon Partners,6243.66,28,1074,16,7,13253.79
2025-03-03,Meta,Always On,4848.66,51,2585,43,25,51749.19
2025-03-03,Google,Performance Max,7579.67,14,584,10,5,11941.14
2025-03-03,Organic,Direct,0.0,74,2099,28,14,44043.89
2025-03-03,Influencer,Celebrity Drop,5391.37,77,2183,37,23,33071.02
2025-03-03,Affiliate,Coupon Partners,3074.09,168,4374,56,36,58076.15
2025-03-04,Meta,Festive Fashion,5620.63,138,4468,55,27,63583.99
2025-03-04,Google,Performance Max,3642.38,47,1021,18,9,19848.18
2025-03-04,Organic,Email CRM,0.0,243,4718,52,26,68839.02
2025-03-04,Organic,Instagram Organic,0.0,113,4543,51,36,60211.46
2025-03-04,Influencer,Festive Creators,9383.27,154,3469,35,17,30684.34
2025-03-04,Affiliate,Coupon Partners,7789.95,163,3867,50,24,44079.07
2025-03-04,Affiliate,Fashion Blogs,4789.38,146,4052,53,30,63716.04
2025-03-05,Meta,Festive Fashion,6023.88,30,1316,19,9,19363.23
2025-03-05,Google,Diwali Search,11847.9,190,4063,47,22,45589.81
2025-03-05,Google,Remarketing,10285.85,47,875,8,4,8395.77
2025-03-05,Organic,Email CRM,0.0,219,4987,86,53,127526.25
2025-03-05,Influencer,Creator B,5352.44,120,2325,25,15,21466.16
2025-03-05,Affiliate,Fashion Blogs,5937.01,92,1695,31,19,35304.41
2025-03-06,Meta,New Collection,2272.57,14,490,5,3,4765.2
2025-03-06,Google,Remarketing,16704.57,144,3565,48,25,41160.55
2025-03-06,Organic,Email CRM,0.0,60,1753,23,16,34954.22
2025-03-06,Influencer,Micro Influencer Push,3783.29,169,3112,52,34,54460.41
2025-03-06,Affiliate,Fashion Blogs,2991.48,39,2081,16,11,14345.65
2025-03-06,Affiliate,Coupon Partners,19472.14,61,1931,35,22,34448.1
2025-03-07,Meta,Diwali Sale,6078.97,202,4033,52,28,56447.69
2025-03-07,Google,Shopping Ads,3350.36,21,787,11,6,11654.42
2025-03-07,Organic,WhatsApp Community,0.0,158,3405,43,24,58566.32
2025-03-07,Influencer,Creator A,4716.62,105,3461,23,10,26997.06
2025-03-07,Affiliate,Deal Week,6298.45,106,1957,25,14,24648.33
2025-03-08,Meta,Festive Fashion,11554.28,74,1476,14,6,13888.18
2025-03-08,Meta,Retargeting,4498.84,11,421,5,2,5122.13
2025-03-08,Google,Remarketing,7685.17,194,4240,61,43,64358.29
2025-03-08,Organic,Instagram Organic,0.0,58,2031,26,16,37480.27
2025-03-08,Influencer,Creator B,10477.99,54,1387,10,6,9435.03
2025-03-08,Affiliate,Fashion Blogs,15501.37,22,530,4,2,3526.49
2025-03-08,Affiliate,Deal Week,2981.98,44,903,8,5,7805.55
2025-03-09,Meta,Festive Fashion,4950.23,11,677,6,4,7403.98
2025-03-09,Google,Performance Max,2809.01,91,3807,53,33,56299.49
2025-03-09,Google,Generic Search,6110.55,176,4056,34,20,33824.3
2025-03-09,Organic,Direct,0.0,205,5454,95,53,156150.15
2025-03-09,Organic,SEO Content,0.0,79,2263,20,10,25449.99
2025-03-09,Influencer,,4555.71,20,1135,8,5,7978.26
2025-03-09,Influencer,Creator A,3011.58,55,1905,33,24,33095.39
2025-03-09,Affiliate,Deal Week,4254.05,142,2857,28,16,31204.03
2025-03-10,Meta,New Collection,11762.55,54,3351,39,21,32479.52
2025-03-10,Meta,Lookalike,6560.59,123,3985,74,41,77219.21
2025-03-10,Google,Brand Search,5687.11,31,583,11,6,11513.58
2025-03-10,Google,,8309.64,21,1205,19,14,21636.54
2025-03-10,Organic,Instagram Organic,0.0,73,1633,12,8,17237.87
2025-03-10,Organic,Email CRM,0.0,96,3806,52,28,75684.97
2025-03-10,Influencer,Micro Influencer Push,7252.66,223,4491,85,45,87341.46
2025-03-10,Affiliate,Deal Week,8745.53,161,3587,66,36,58116.4
2025-03-11,Meta,Festive Fashion,10208.45,86,1713,13,6,13840.92
2025-03-11,Google,Generic Search,7979.79,104,4384,49,29,57470.13
2025-03-11,Organic,,0.0,195,5383,55,36,78350.45
2025-03-11,Organic,Instagram Organic,0.0,257,5570,43,27,68136.29
2025-03-11,Influencer,,4548.55,54,2178,33,16,29341.35
2025-03-11,Affiliate,Fashion Blogs,11574.03,24,989,10,6,11193.43
2025-03-12,Meta,Catalog Ads,3732.3,68,4230,45,29,53685.94
2025-03-12,Google,Generic Search,11336.94,24,457,4,2,4421.87
2025-03-12,Organic,Email CRM,0.0,60,1390,18,11,26145.07
2025-03-12,Influencer,Creator B,6150.6,54,1341,11,7,11285.47
2025-03-12,Affiliate,Fashion Blogs,9004.7,69,1545,18,12,19549.87
2025-03-13,Meta,Flash Sale,9193.84,34,940,8,4,7483.82
2025-03-13,Google,Generic Search,6047.28,16,473,9,4,7605.86
2025-03-13,Organic,WhatsApp Community,0.0,84,2562,20,12,28078.9
2025-03-13,Organic,Instagram Organic,0.0,68,1682,22,10,26653.17
2025-03-13,Influencer,Micro Influencer Push,9044.46,21,899,8,4,9462.1
2025-03-13,Affiliate,Deal Week,8351.16,82,1615,12,8,11434.31
2025-03-13,Affiliate,Cashback Partners,10880.61,117,2475,22,10,18637.76
2025-03-14,Meta,New Collection,5618.2,122,4202,28,16,26018.04
2025-03-14,Google,Remarketing,9666.08,124,3246,26,19,30591.93
2025-03-14,Google,Brand Search,10138.35,73,3541,44,25,48153.01
2025-03-14,Organic,Instagram Organic,0.0,133,2470,36,20,54057.77
2025-03-14,Influencer,Micro Influencer Push,2980.4,108,2109,15,9,14350.7
2025-03-14,Affiliate,Coupon Partners,9278.17,63,1219,15,7,15727.67
2025-03-15,Meta,Catalog Ads,14244.38,112,3943,54,25,62283.6
2025-03-15,Google,Remarketing,14224.19,80,3696,34,21,30903.52
2025-03-15,Google,Performance Max,3778.25,12,502,6,3,7379.54
2025-03-15,Organic,Email CRM,0.0,67,3622,25,13,30401.34
2025-03-15,Organic,SEO Content,0.0,46,2330,21,9,24428.98
2025-03-15,Influencer,Festive Creators,6791.47,61,3429,42,28,34318.54
2025-03-15,Influencer,Creator B,7424.78,207,3786,72,31,85962.75
2025-03-15,Affiliate,Deal Week,3172.88,17,937,18,12,19615.6
2025-03-15,Affiliate,Coupon Partners,6145.92,44,2178,41,22,46803.31
2025-03-16,Meta,,5487.87,44,907,11,7,12658.28
2025-03-16,Google,Generic Search,5443.64,104,2725,19,10,18827.29
2025-03-16,Organic,SEO Content,0.0,57,1244,13,6,18125.45
2025-03-16,Influencer,Micro Influencer Push,6964.96,29,731,7,4,8527.74
2025-03-16,Influencer,Celebrity Drop,9441.35,102,2030,13,8,11462.7
2025-03-16,Affiliate,Cashback Partners,5270.16,178,4389,32,16,36544.38
2025-03-17,Meta,Festive Fashion,3124.42,59,1633,20,11,18827.48
2025-03-17,Google,Brand Search,10007.45,41,942,10,6,9473.98
2025-03-17,Google,Performance Max,4471.61,79,2403,20,10,19750.45
2025-03-17,Organic,Direct,0.0,101,3501,54,32,77556.02
2025-03-17,Influencer,Micro Influencer Push,13267.11,105,3117,33,16,26919.63
2025-03-17,Affiliate,Coupon Partners,8908.75,37,1686,29,17,28908.09
2025-03-17,Affiliate,Deal Week,14892.47,202,4318,40,18,44201.64
2025-03-18,Meta,Diwali Sale,1122.23,64,2536,33,19,28201.63
2025-03-18,Google,Shopping Ads,6510.06,33,1574,13,7,15006.86
2025-03-18,Organic,Direct,0.0,29,1169,15,8,24742.91
2025-03-18,Influencer,Micro Influencer Push,4711.22,204,4191,34,19,28765.02
2025-03-18,Affiliate,Cashback Partners,6132.5,69,2446,20,14,17465.9
2025-03-18,Affiliate,Coupon Partners,7059.19,21,501,7,4,8640.27
2025-03-19,Meta,Retargeting,11779.39,140,2847,27,18,24112.05
2025-03-19,Google,Remarketing,1271.32,48,2676,22,11,18496.63
2025-03-19,Organic,,0.0,94,2056,37,20,55728.05
2025-03-19,Influencer,Festive Creators,8607.09,82,2999,20,9,23970.05
2025-03-19,Affiliate,Coupon Partners,7887.65,91,3847,52,28,56906.07
2025-03-19,Affiliate,Deal Week,10794.95,35,834,11,7,11533.42
2025-03-20,Meta,Always On,4584.61,173,3365,31,21,37516.26
2025-03-20,Meta,Retargeting,4914.72,26,975,12,7,13131.08
2025-03-20,Google,Brand Search,6410.39,131,3470,25,16,27388.05
2025-03-20,Organic,SEO Content,0.0,24,902,14,7,22040.13
2025-03-20,Influencer,Festive Creators,4808.79,16,426,4,2,4373.03
2025-03-20,Influencer,Celebrity Drop,4981.67,174,4361,37,25,38017.41
2025-03-20,Affiliate,Cashback Partners,5050.61,43,1080,11,5,10751.35
2025-03-21,Meta,Diwali Sale,11416.48,114,2843,51,23,52390.19
2025-03-21,Google,Remarketing,6489.01,23,1144,19,13,19679.52
2025-03-21,Organic,Email CRM,0.0,57,1342,25,18,33079.85
2025-03-21,Organic,WhatsApp Community,0.0,131,3125,45,27,63200.58
2025-03-21,Influencer,Festive Creators,7477.44,156,3697,54,29,62564.55
2025-03-21,Influencer,,4255.75,39,2171,27,18,26707.72
2025-03-21,Affiliate,Coupon Partners,5759.86,76,2316,41,20,33508.76
2025-03-21,Affiliate,Cashback Partners,1972.53,94,3000,38,21,35358.33
2025-03-22,Meta,Always On,13376.76,67,3617,39,21,35409.57
2025-03-22,Google,Shopping Ads,11829.97,93,3872,56,39,64677.65
2025-03-22,Google,Remarketing,2907.46,15,473,6,4,6021.52
2025-03-22,Organic,Direct,0.0,234,5238,40,25,65485.38
2025-03-22,Organic,WhatsApp Community,0.0,119,4850,54,25,73369.49
2025-03-22,Influencer,Festive Creators,7162.46,76,1580,16,9,13031.97
2025-03-22,Affiliate,Cashback Partners,1965.35,140,3800,65,32,57372.96
2025-03-23,Meta,Lookalike,7685.28,65,1427,16,11,18714.1
2025-03-23,Google,Performance Max,5849.01,124,3666,61,28,63937.18
2025-03-23,Organic,WhatsApp Community,0.0,49,1404,17,7,26411.97
2025-03-23,Influencer,Creator B,5330.22,54,1353,22,14,25840.41
2025-03-23,Influencer,Micro Influencer Push,728.88,92,1770,14,8,17082.74
2025-03-23,Affiliate,Deal Week,4615.01,89,2576,47,31,39194.93
2025-03-23,Affiliate,Coupon Partners,6330.05,128,3537,44,19,50927.51
2025-03-24,Meta,Diwali Sale,3655.64,113,2884,27,18,30177.02
2025-03-24,Meta,Retargeting,3847.05,188,4226,39,17,34985.76
2025-03-24,Google,Brand Search,14819.79,71,3957,38,16,46196.01
2025-03-24,Google,Remarketing,4786.03,124,3488,38,21,37382.95
2025-03-24,Organic,Direct,0.0,37,1077,17,8,24020.91
2025-03-24,Organic,WhatsApp Community,0.0,136,2624,48,29,60575.08
2025-03-24,Influencer,Creator B,8627.02,73,2091,31,13,32166.87
2025-03-24,Affiliate,Fashion Blogs,6051.91,30,887,12,5,10514.23
2025-03-24,Affiliate,Deal Week,9385.52,103,1934,23,15,27785.04
2025-03-25,Meta,Retargeting,5984.33,139,4198,71,34,74606.3
2025-03-25,Google,Diwali Search,4582.36,48,2146,37,23,29922.93
2025-03-25,Google,Brand Search,2480.16,21,866,9,6,7326.8
2025-03-25,Organic,WhatsApp Community,0.0,79,4226,78,34,112336.33
2025-03-25,Organic,Instagram Organic,0.0,71,4708,53,34,66728.64
2025-03-25,Influencer,,3090.51,128,3956,65,33,69504.01
2025-03-25,Affiliate,Fashion Blogs,9360.89,70,1523,29,16,32059.38
2025-03-26,Meta,Retargeting,10538.18,100,2260,34,15,31581.78
2025-03-26,Meta,,4805.2,42,2577,21,14,22183.46
2025-03-26,Google,Generic Search,5214.42,54,1416,20,12,18233.64
2025-03-26,Organic,Direct,0.0,108,5097,39,22,44909.03
2025-03-26,Organic,Email CRM,0.0,139,2645,43,31,54521.76
2025-03-26,Influencer,Creator A,4109.14,97,4477,43,23,40105.71
2025-03-26,Influencer,Festive Creators,5725.61,139,3458,52,36,54004.57
2025-03-26,Affiliate,Coupon Partners,9150.51,108,3847,69,44,70804.97
2025-03-27,Meta,Flash Sale,3412.79,152,3747,32,22,39300.36
2025-03-27,Google,Shopping Ads,1961.08,136,4332,48,33,47005.88
2025-03-27,Google,Generic Search,14023.45,38,831,12,9,12638.88
2025-03-27,Organic,,0.0,43,1756,20,9,24931.44
2025-03-27,Influencer,Creator B,4105.02,34,672,6,4,5265.79
2025-03-27,Influencer,Creator A,5011.53,82,2349,15,10,15721.16
2025-03-27,Affiliate,Coupon Partners,8303.38,128,2837,32,20,27280.31
2025-03-27,Affiliate,Cashback Partners,6303.69,91,1867,27,14,29093.6
2025-03-28,Meta,Flash Sale,9092.93,55,999,14,10,13535.57
2025-03-28,Google,Diwali Search,3884.06,28,1188,10,5,12314.83
2025-03-28,Organic,,0.0,27,1034,13,7,17360.99
2025-03-28,Influencer,Creator B,2864.86,43,1706,19,11,16452.59
2025-03-28,Affiliate,Coupon Partners,8917.38,43,1672,16,8,18763.65
2025-03-29,Meta,,6572.56,160,4185,65,42,75852.02
2025-03-29,Google,Generic Search,4335.79,54,989,10,5,11115.54
2025-03-29,Organic,WhatsApp Community,0.0,90,1649,22,14,35074.57
2025-03-29,Influencer,Creator A,12793.62,151,4175,75,51,69182.6
2025-03-29,Affiliate,Coupon Partners,6050.02,116,2854,37,20,40268.45
2025-03-29,Affiliate,Cashback Partners,15286.41,53,1078,15,10,12341.48
2025-03-30,Meta,Diwali Sale,9315.02,54,1039,7,4,6248.3
2025-03-30,Google,Brand Search,5857.99,36,1567,13,9,15807.2
2025-03-30,Google,Remarketing,6225.31,100,2767,20,14,22621.27
2025-03-30,Organic,Direct,0.0,60,1232,20,9,26878.53
2025-03-30,Influencer,Micro Influencer Push,9313.46,62,2268,39,24,33345.79
2025-03-30,Affiliate,Cashback Partners,5378.53,28,873,8,5,9786.03
2025-03-31,Meta,,5341.33,142,2615,23,14,19673.6
2025-03-31,Meta,Catalog Ads,19027.67,26,486,5,3,4595.37
2025-03-31,Google,Shopping Ads,5986.89,169,3307,46,26,40771.95
2025-03-31,Google,Diwali Search,9524.81,29,627,9,6,7283.97
2025-03-31,Organic,WhatsApp Community,0.0,136,5290,79,39,124234.91
2025-03-31,Influencer,Creator B,4307.05,31,1116,20,11,24687.2
2025-03-31,Affiliate,Cashback Partners,5612.19,140,3807,38,26,36342.12
2025-04-01,Meta,Lookalike,9930.61,23,618,9,4,9249.96
2025-04-01,Google,Brand Search,9009.41,76,2159,29,17,32886.28
2025-04-01,Organic,SEO Content,0.0,92,2268,23,11,32839.55
2025-04-01,Influencer,Micro Influencer Push,4632.29,79,2515,45,31,50984.06
2025-04-01,Affiliate,Cashback Partners,9098.45,143,3190,23,14,25229.76
2025-04-02,Meta,Always On,5703.06,105,3692,57,31,61195.89
2025-04-02,Google,Remarketing,4506.86,57,2013,31,16,33841.95
2025-04-02,Organic,SEO Content,0.0,102,5097,91,50,104996.47
2025-04-02,Influencer,Micro Influencer Push,6529.38,38,1703,22,15,24602.48
2025-04-02,Affiliate,Deal Week,7488.73,217,4436,45,26,51937.36
2025-04-03,Meta,Retargeting,4007.04,81,2468,42,24,36542.65
2025-04-03,Google,Diwali Search,6118.94,82,3417,55,35,60719.86
2025-04-03,Organic,WhatsApp Community,0.0,169,3721,47,25,58485.31
2025-04-03,Influencer,Festive Creators,7436.38,136,3649,59,32,55338.07
2025-04-03,Influencer,Creator A,10055.87,62,3889,37,20,44051.04
2025-04-03,Affiliate,Coupon Partners,9649.64,72,2599,36,17,33840.71
2025-04-04,Meta,Flash Sale,3397.53,13,578,10,7,9132.53
2025-04-04,Google,Diwali Search,3988.92,100,2421,25,17,29681.99
2025-04-04,Organic,Instagram Organic,0.0,95,3648,45,31,72703.76
2025-04-04,Influencer,Micro Influencer Push,2965.4,71,4045,75,51,74154.78
2025-04-04,Influencer,Creator A,17004.38,24,1370,23,13,22259.66
2025-04-04,Affiliate,Deal Week,10730.85,51,1335,24,12,28821.45
2025-04-04,Affiliate,Fashion Blogs,5812.21,23,1422,16,10,16099.19
2025-04-05,Meta,Diwali Sale,3012.98,149,3034,58,41,64456.06
2025-04-05,Google,Diwali Search,7079.67,58,2742,22,14,25413.49
2025-04-05,Organic,SEO Content,0.0,126,3219,41,24,59535.56
2025-04-05,Influencer,Creator A,12306.06,69,2106,26,17,31744.88
2025-04-05,Influencer,Micro Influencer Push,7444.31,51,1557,26,17,30130.94
2025-04-05,Affiliate,Cashback Partners,3940.96,11,601,11,8,10802.06
2025-04-05,Affiliate,Deal Week,6377.21,20,429,7,4,8568.6
2025-04-06,Meta,Retargeting,14762.64,98,1931,28,15,29027.2
2025-04-06,Google,Brand Search,7111.75,65,4195,49,25,39982.8
2025-04-06,Organic,Direct,0.0,112,5077,64,37,103345.5
2025-04-06,Influencer,Celebrity Drop,3047.74,208,4063,52,27,56128.84
2025-04-06,Affiliate,Cashback Partners,4107.08,30,816,5,4,4374.97
2025-04-07,Meta,Diwali Sale,11255.52,16,782,10,6,10628.43
2025-04-07,Google,Remarketing,5058.97,88,3817,66,37,63692.02
2025-04-07,Organic,SEO Content,0.0,46,1121,17,9,22186.02
2025-04-07,Organic,Direct,0.0,60,1373,23,14,34690.47
2025-04-07,Influencer,Creator B,4718.42,80,2056,23,13,27118.58
2025-04-07,Affiliate,Deal Week,1382.36,223,4191,54,25,52119.43
2025-04-07,Affiliate,Fashion Blogs,5475.4,112,3226,21,15,18221.11
2025-04-08,Meta,New Collection,5917.82,22,806,9,5,8987.27
2025-04-08,Google,Diwali Search,7723.74,131,3832,47,26,47930.76
2025-04-08,Organic,WhatsApp Community,0.0,90,3059,29,14,44544.36
2025-04-08,Organic,Instagram Organic,0.0,70,2911,19,11,31119.15
2025-04-08,Influencer,Micro Influencer Push,6213.23,69,4100,62,39,51161.47
2025-04-08,Affiliate,Fashion Blogs,1562.02,40,1383,16,11,19027.54
2025-04-09,Meta,Always On,5230.15,192,4416,51,22,51344.73
2025-04-09,Google,Diwali Search,10762.92,27,1714,16,12,13438.36
2025-04-09,Organic,SEO Content,0.0,120,3682,48,31,55636.24
2025-04-09,Influencer,Festive Creators,11913.26,113,2775,33,17,36177.73
2025-04-09,Affiliate,Cashback Partners,8627.26,142,3595,44,21,48029.66
2025-04-09,Affiliate,Coupon Partners,8758.09,137,2974,41,21,40743.65
2025-04-10,Meta,Retargeting,3999.03,144,3034,19,13,18744.07
2025-04-10,Google,Shopping Ads,7340.64,127,2926,52,27,54176.6
2025-04-10,Organic,WhatsApp Community,0.0,89,4662,33,18,53661.91
2025-04-10,Influencer,Creator B,7043.71,117,3430,41,26,38437.09
2025-04-10,Affiliate,Cashback Partners,5577.54,37,951,9,6,11163.51
2025-04-11,Meta,Flash Sale,9080.22,94,3786,49,30,53762.35
2025-04-11,Google,Shopping Ads,5011.82,43,2597,25,16,24755.98
2025-04-11,Organic,Instagram Organic,0.0,93,3896,67,32,90168.27
2025-04-11,Organic,WhatsApp Community,0.0,73,2213,25,17,39224.91
2025-04-11,Influencer,Celebrity Drop,7870.38,138,4364,63,32,57990.82
2025-04-11,Affiliate,Cashback Partners,5984.03,86,3916,36,17,31587.74
2025-04-11,Affiliate,Fashion Blogs,12595.3,183,3818,24,17,20975.61
2025-04-12,Meta,Always On,15692.51,120,2297,26,13,29293.67
2025-04-12,Google,Remarketing,6026.11,83,3614,47,22,51167.45
2025-04-12,Organic,Direct,0.0,134,2569,31,19,44093.05
2025-04-12,Organic,WhatsApp Community,0.0,74,4736,88,45,126044.58
2025-04-12,Influencer,Festive Creators,10658.55,157,3022,46,21,49897.5
2025-04-12,Affiliate,Coupon Partners,4129.16,76,1424,27,16,28542.99
2025-04-12,Affiliate,Cashback Partners,4679.78,23,1492,15,10,16614.87
2025-04-13,Meta,Retargeting,3148.69,30,650,11,7,9727.59
2025-04-13,Meta,Catalog Ads,7312.55,52,973,13,6,14631.54
2025-04-13,Google,Brand Search,14054.66,112,2177,31,18,37746.1
2025-04-13,Google,Performance Max,9677.68,127,2359,45,30,48163.9
2025-04-13,Organic,SEO Content,0.0,71,1927,28,13,37231.29
2025-04-13,Influencer,Creator B,14647.93,38,2109,38,18,41983.15
2025-04-13,Affiliate,Fashion Blogs,8731.26,141,2877,45,19,43060.04
2025-04-14,Meta,Diwali Sale,1998.6,54,1353,11,6,9104.91
2025-04-14,Google,Diwali Search,15026.05,71,1786,27,13,25352.37
2025-04-14,Organic,SEO Content,0.0,110,3471,43,27,67262.16
2025-04-14,Influencer,Creator B,4029.85,94,2470,45,32,44406.54
2025-04-14,Influencer,Festive Creators,5984.55,40,1902,32,15,37958.74
2025-04-14,Affiliate,Fashion Blogs,6980.9,153,3421,25,16,25742.2
2025-04-15,Meta,Retargeting,6115.95,31,1742,14,7,14466.84
2025-04-15,Google,Performance Max,8079.16,96,2178,15,7,12125.14
2025-04-15,Organic,WhatsApp Community,0.0,179,3647,46,30,58972.31
2025-04-15,Organic,Instagram Organic,0.0,160,4726,34,19,47468.1
2025-04-15,Influencer,Creator A,6592.53,114,3211,50,35,50826.86
2025-04-15,Affiliate,Fashion Blogs,7008.97,38,1365,18,11,16569.02
2025-04-16,Meta,Always On,1759.7,87,1617,28,13,27399.83
2025-04-16,Meta,Lookalike,2693.23,162,3650,35,20,36476.38
2025-04-16,Google,,12758.78,128,4290,55,26,44682.47
2025-04-16,Organic,Instagram Organic,0.0,100,4543,34,23,48622.97
2025-04-16,Influencer,Creator B,4401.57,99,4157,73,46,90603.6
2025-04-16,Influencer,Celebrity Drop,5444.12,131,3902,33,17,27432.42
2025-04-16,Affiliate,Deal Week,1766.55,125,2371,18,10,17036.55
2025-04-17,Meta,Catalog Ads,8167.21,158,3558,31,19,29368.36
2025-04-17,Google,Shopping Ads,11950.76,41,1746,29,19,28212.69
2025-04-17,Organic,Direct,0.0,161,3269,24,11,36510.25
2025-04-17,Influencer,Micro Influencer Push,6097.66,78,2595,37,16,33854.0
2025-04-17,Influencer,Creator A,8814.68,213,4338,68,31,68572.06
2025-04-17,Affiliate,Fashion Blogs,10508.13,96,3879,61,33,66463.89
2025-04-17,Affiliate,Deal Week,4997.06,96,2405,21,12,19903.01
2025-04-18,Meta,Retargeting,11315.29,160,3075,21,10,25686.98
2025-04-18,Meta,Festive Fashion,2759.86,31,1229,15,8,18551.63
2025-04-18,Google,Brand Search,8219.3,158,3698,32,18,27477.29
2025-04-18,Google,Diwali Search,7005.04,145,2667,40,18,38288.57
2025-04-18,Organic,Instagram Organic,0.0,52,2476,27,19,37417.08
2025-04-18,Organic,Direct,0.0,51,2776,33,20,49174.67
2025-04-18,Influencer,Creator A,2506.25,126,2994,23,12,23504.04
2025-04-18,Influencer,Creator B,6742.37,20,697,10,6,10539.43
2025-04-18,Affiliate,Cashback Partners,9274.66,28,1581,14,7,13904.7
2025-04-19,Meta,New Collection,4294.21,38,1124,17,11,15739.99
2025-04-19,Google,Performance Max,6245.06,154,3413,24,14,22285.17
2025-04-19,Organic,Direct,0.0,79,2999,56,32,77988.23
2025-04-19,Influencer,Creator A,8652.87,35,1229,19,13,23030.97
2025-04-19,Affiliate,Deal Week,3631.73,139,2849,24,16,20146.06
2025-04-20,Meta,Catalog Ads,11482.38,116,3248,20,14,21894.21
2025-04-20,Meta,Retargeting,5632.5,120,2463,26,13,26179.96
2025-04-20,Google,Shopping Ads,9333.67,129,3928,32,15,35484.65
2025-04-20,Google,Brand Search,3182.44,221,4167,37,23,39534.9
2025-04-20,Organic,SEO Content,0.0,83,2017,35,20,51788.11
2025-04-20,Influencer,Creator A,12125.99,85,4305,60,37,50130.09
2025-04-20,Affiliate,Cashback Partners,10182.93,147,2918,24,16,23034.11
2025-04-20,Affiliate,Coupon Partners,3117.33,104,3008,40,21,49573.39
2025-04-21,Meta,New Collection,8082.66,16,789,8,4,7089.55
2025-04-21,Google,Generic Search,4005.63,62,2949,55,31,47411.81
2025-04-21,Organic,Email CRM,0.0,174,4089,27,14,40150.94
2025-04-21,Influencer,Creator A,4661.35,47,2781,43,27,49357.93
2025-04-21,Influencer,Creator B,6114.22,20,746,12,8,13219.48
2025-04-21,Affiliate,Coupon Partners,4405.32,52,2545,18,10,20651.65
2025-04-22,Meta,Festive Fashion,4963.29,138,4237,35,23,38886.86
2025-04-22,Google,Diwali Search,13586.7,106,3366,37,21,32032.48
2025-04-22,Organic,Email CRM,0.0,70,1962,34,22,51160.51
2025-04-22,Influencer,Creator B,6993.69,114,4335,57,28,65413.96
2025-04-22,Affiliate,Coupon Partners,2810.8,71,4331,63,41,74754.86
2025-04-22,Affiliate,Cashback Partners,6070.33,43,1094,18,11,16457.58
2025-04-23,Meta,Diwali Sale,4010.93,110,3683,62,31,53448.7
2025-04-23,Meta,Always On,8566.67,85,2067,25,15,28736.65
2025-04-23,Google,Brand Search,9573.15,55,2834,36,24,33078.38
2025-04-23,Organic,Instagram Organic,0.0,65,4208,65,32,101507.24
2025-04-23,Influencer,Celebrity Drop,5428.4,90,3608,34,22,39741.42
2025-04-23,Influencer,Festive Creators,2392.75,149,4486,77,54,79195.65
2025-04-23,Affiliate,Cashback Partners,5737.67,113,3659,23,16,21842.13
2025-04-24,Meta,New Collection,5656.71,200,4218,36,20,29198.67
2025-04-24,Meta,Lookalike,4949.86,129,4278,70,42,57510.7
2025-04-24,Google,Performance Max,2857.46,28,769,8,6,9236.29
2025-04-24,Google,Brand Search,3966.36,56,1438,12,7,12256.26
2025-04-24,Organic,Direct,0.0,75,4732,40,18,56814.45
2025-04-24,Influencer,Celebrity Drop,6905.3,100,2819,37,16,35655.82
2025-04-24,Affiliate,Cashback Partners,14741.75,17,605,11,7,9666.0
2025-04-25,Meta,Lookalike,3350.69,25,789,6,3,5134.07
2025-04-25,Google,Diwali Search,4108.29,48,2534,16,8,14840.51
2025-04-25,Google,Remarketing,5151.74,136,2926,36,19,37715.32
2025-04-25,Organic,Email CRM,0.0,306,5805,107,70,133390.38
2025-04-25,Influencer,Celebrity Drop,5939.89,18,1102,11,6,10528.64
2025-04-25,Affiliate,Coupon Partners,4637.7,36,930,17,12,17275.03
2025-04-26,Meta,Diwali Sale,2966.41,124,2716,48,31,47554.6
2025-04-26,Google,Remarketing,3735.71,11,432,4,3,3450.41
2025-04-26,Organic,Instagram Organic,0.0,70,1506,25,17,37245.51
2025-04-26,Influencer,Festive Creators,3946.89,95,2351,35,18,28757.37
2025-04-26,Influencer,Creator B,2604.17,121,2310,29,18,27840.29
2025-04-26,Affiliate,Fashion Blogs,4507.86,173,3185,37,16,41516.96
2025-04-27,Meta,Catalog Ads,8638.77,42,2542,42,30,36277.81
2025-04-27,Meta,Retargeting,4229.98,111,3383,55,28,63363.05
2025-04-27,Google,Generic Search,15396.75,130,3532,56,35,62759.48
2025-04-27,Google,Remarketing,4905.91,87,4172,79,54,63814.86
2025-04-27,Organic,Email CRM,0.0,136,4774,59,28,70124.98
2025-04-27,Influencer,Micro Influencer Push,4703.36,137,2522,42,28,37455.52
2025-04-27,Influencer,Festive Creators,3767.39,38,2417,42,18,34890.39
2025-04-27,Affiliate,Cashback Partners,5000.07,45,1366,12,7,12475.93
2025-04-28,Meta,Retargeting,8691.19,139,2858,19,11,15645.96
2025-04-28,Google,Performance Max,3692.11,27,970,11,6,12748.37
2025-04-28,Organic,Direct,0.0,46,1338,23,14,28967.98
2025-04-28,Influencer,Micro Influencer Push,5195.46,209,3864,38,26,42791.95
2025-04-28,Affiliate,Fashion Blogs,7863.52,30,890,14,7,15905.48
2025-04-29,Meta,Retargeting,6583.77,73,3622,22,13,22634.8
2025-04-29,Meta,Festive Fashion,4927.33,15,880,10,7,12128.97
2025-04-29,Google,Remarketing,5043.32,177,3357,47,31,58346.82
2025-04-29,Organic,SEO Content,0.0,67,2619,20,9,30921.58
2025-04-29,Organic,Email CRM,0.0,63,1799,32,23,43761.12
2025-04-29,Influencer,Creator B,4915.31,58,3097,25,11,24143.79
2025-04-29,Influencer,Micro Influencer Push,2617.93,108,3388,61,36,55159.23
2025-04-29,Affiliate,Coupon Partners,3542.58,110,2116,19,11,19750.74
2025-04-30,Meta,Flash Sale,6813.67,147,4178,79,52,76820.57
2025-04-30,Google,Brand Search,3821.01,192,3574,50,23,50864.26
2025-04-30,Google,Remarketing,16726.59,32,1253,9,5,10274.35
2025-04-30,Organic,WhatsApp Community,0.0,61,1727,12,8,16788.27
2025-04-30,Organic,Direct,0.0,89,1794,13,6,21368.08
2025-04-30,Influencer,Creator B,4982.74,58,1767,24,14,22881.77
2025-04-30,Affiliate,Deal Week,10690.22,90,3426,57,36,65616.55
2025-04-30,Affiliate,Fashion Blogs,4836.74,201,4083,46,29,50012.58
2025-05-01,Meta,Diwali Sale,7731.5,115,3750,44,22,35630.69
2025-05-01,Meta,New Collection,1924.27,128,3526,48,25,52619.98
2025-05-01,Google,Generic Search,4991.16,162,3001,39,28,34353.66
2025-05-01,Google,Remarketing,9834.81,34,1509,23,13,25865.2
2025-05-01,Organic,SEO Content,0.0,30,1124,14,6,17746.21
2025-05-01,Influencer,Micro Influencer Push,6849.39,31,1893,29,14,28494.43
2025-05-01,Affiliate,Fashion Blogs,5256.62,79,2582,49,26,54449.03
2025-05-01,Affiliate,Deal Week,9570.66,39,1689,18,13,21287.91
2025-05-02,Meta,Always On,3158.23,71,1683,11,6,12632.78
2025-05-02,Google,Diwali Search,4766.7,23,1046,8,4,8366.66
2025-05-02,Organic,WhatsApp Community,0.0,214,5097,68,39,78864.79
2025-05-02,Influencer,Creator A,8961.23,26,1005,11,5,10868.36
2025-05-02,Affiliate,Coupon Partners,3537.97,22,753,14,7,16141.37
2025-05-03,Meta,Diwali Sale,6192.31,123,4238,60,43,70233.17
2025-05-03,Meta,Catalog Ads,4938.34,117,2675,34,22,29458.01
2025-05-03,Google,Brand Search,2290.0,74,2195,36,16,32785.3
2025-05-03,Organic,Email CRM,0.0,36,1211,12,7,14468.24
2025-05-03,Influencer,Creator B,3828.65,97,1971,33,16,29009.29
2025-05-03,Affiliate,Coupon Partners,6935.35,35,924,6,3,5871.8
2025-05-03,Affiliate,Cashback Partners,12707.05,80,3391,48,29,42764.11
2025-05-04,Meta,Catalog Ads,7408.35,57,1121,21,12,22425.61
2025-05-04,Meta,New Collection,6614.35,77,2667,44,28,37431.94
2025-05-04,Google,Diwali Search,8057.23,71,4291,74,51,68429.48
2025-05-04,Organic,Email CRM,0.0,102,2932,33,16,41984.28
2025-05-04,Organic,,0.0,89,4465,75,52,113472.0
2025-05-04,Influencer,Creator A,3239.07,88,3599,48,28,47584.84
2025-05-04,Influencer,Creator B,14111.52,131,2911,41,21,47431.57
2025-05-04,Affiliate,Cashback Partners,10114.31,48,2365,16,11,19822.44
2025-05-04,Affiliate,Coupon Partners,5822.07,46,973,9,4,9490.4
2025-05-05,Meta,Always On,11223.37,102,1943,26,15,21861.12
2025-05-05,Meta,New Collection,2168.75,121,3072,21,14,17877.13
2025-05-05,Google,Diwali Search,3949.77,193,4445,70,35,86230.43
2025-05-05,Organic,WhatsApp Community,0.0,259,5950,101,68,155329.01
2025-05-05,Influencer,Micro Influencer Push,9226.79,183,3342,60,30,68212.93
2025-05-05,Affiliate,Deal Week,5233.31,111,3869,29,19,31991.57
2025-05-06,Meta,Catalog Ads,15761.96,92,4299,79,35,69916.61
2025-05-06,Google,Brand Search,2193.14,76,2137,15,7,15047.66
2025-05-06,Google,Performance Max,8061.1,32,885,11,6,12726.29
2025-05-06,Organic,Direct,0.0,116,5253,89,60,127514.26
2025-05-06,Influencer,Micro Influencer Push,5805.34,154,3887,27,13,24580.72
2025-05-06,Affiliate,Fashion Blogs,4952.4,62,3999,25,17,26701.79
2025-05-07,Meta,Always On,11893.72,157,3012,19,10,16627.3
2025-05-07,Google,Performance Max,5874.16,23,903,12,7,14728.42
2025-05-07,Organic,Instagram Organic,0.0,27,1599,27,14,34493.13
2025-05-07,Influencer,Celebrity Drop,11635.06,46,2360,18,8,20259.43
2025-05-07,Affiliate,Fashion Blogs,10866.22,69,2811,22,15,19968.54
2025-05-08,Meta,Catalog Ads,8269.25,14,532,7,4,7538.34
2025-05-08,Google,Brand Search,7907.92,52,3212,29,18,31781.2
2025-05-08,Organic,Email CRM,0.0,155,5937,92,55,129800.13
2025-05-08,Influencer,Festive Creators,10842.94,10,450,9,5,10494.54
2025-05-08,Affiliate,Coupon Partners,5291.53,24,792,13,8,15539.08
2025-05-09,Meta,Always On,7697.3,69,2262,40,27,47279.68
2025-05-09,Meta,Catalog Ads,2579.29,96,3362,43,27,40914.02
2025-05-09,Google,Generic Search,10803.65,106,3784,64,37,72531.73
2025-05-09,Organic,SEO Content,0.0,79,4233,36,22,41669.24
2025-05-09,Organic,Email CRM,0.0,29,1815,13,8,19381.71
2025-05-09,Influencer,Micro Influencer Push,6603.6,101,4370,64,35,65021.15
2025-05-09,Affiliate,Cashback Partners,1310.1,103,2280,15,9,16049.43
2025-05-10,Meta,,16614.3,92,1693,30,17,25970.74
2025-05-10,Google,Performance Max,2760.55,115,2213,33,22,32531.55
2025-05-10,Organic,Email CRM,0.0,112,3188,59,42,85971.78
2025-05-10,Influencer,Creator A,5443.2,59,1637,17,12,15796.42
2025-05-10,Affiliate,Fashion Blogs,4660.5,69,2513,31,21,26729.58
2025-05-10,Affiliate,Coupon Partners,3149.98,191,4165,65,39,58465.92
2025-05-11,Meta,Retargeting,7914.97,156,3426,32,21,36794.71
2025-05-11,Meta,Festive Fashion,5235.41,176,3603,47,23,49246.23
2025-05-11,Google,Performance Max,7814.46,134,2634,39,22,31841.33
2025-05-11,Google,Brand Search,9153.83,28,853,16,8,18443.75
2025-05-11,Organic,SEO Content,0.0,255,5581,88,37,102159.05
2025-05-11,Influencer,Celebrity Drop,6981.58,212,4487,34,24,40566.82
2025-05-11,Affiliate,Deal Week,4660.68,16,581,7,5,8175.3
2025-05-12,Meta,Retargeting,4652.06,209,4004,55,32,68325.96
2025-05-12,Meta,New Collection,6980.79,60,3206,26,13,27660.58
2025-05-12,Google,Generic Search,3772.44,86,1564,18,12,22126.75
2025-05-12,Organic,Instagram Organic,0.0,133,2903,28,16,43638.16
2025-05-12,Organic,Direct,0.0,34,1836,14,10,21443.99
2025-05-12,Influencer,Celebrity Drop,5496.77,24,577,8,6,9485.35
2025-05-12,Affiliate,Fashion Blogs,8661.95,14,836,7,4,8081.3
2025-05-13,Meta,Retargeting,5716.36,143,3129,43,21,49326.99
2025-05-13,Google,Remarketing,9104.1,211,4496,37,19,44404.1
2025-05-13,Organic,WhatsApp Community,0.0,210,5362,83,37,108241.29
2025-05-13,Organic,Direct,0.0,284,5760,49,27,71916.73
2025-05-13,Influencer,Festive Creators,6292.9,18,959,17,7,18486.76
2025-05-13,Affiliate,Coupon Partners,3733.3,80,3065,20,9,22608.69
2025-05-14,Meta,Festive Fashion,15263.23,93,2955,38,19,45327.82
2025-05-14,Google,Generic Search,6569.32,13,770,8,4,9529.01
2025-05-14,Organic,Email CRM,0.0,193,5875,53,34,76889.56
2025-05-14,Organic,Instagram Organic,0.0,148,5774,70,32,85511.31
2025-05-14,Influencer,Festive Creators,8795.1,121,3940,67,46,59267.24
2025-05-14,Influencer,Celebrity Drop,13486.23,17,518,10,5,12238.79
2025-05-14,Affiliate,Cashback Partners,2489.42,71,1408,14,7,11679.81
2025-05-15,Meta,Flash Sale,5303.9,36,1387,11,5,11553.69
2025-05-15,Google,Shopping Ads,8640.27,115,2258,35,22,29599.7
2025-05-15,Organic,WhatsApp Community,0.0,171,5351,73,36,91003.96
2025-05-15,Influencer,Creator A,11697.8,110,3902,34,19,33237.25
2025-05-15,Affiliate,Deal Week,7075.01,126,3584,57,26,47990.0
2025-05-16,Meta,Catalog Ads,2378.14,118,3714,48,34,52368.11
2025-05-16,Google,Remarketing,5597.84,31,1212,18,8,20295.54
2025-05-16,Google,Brand Search,2798.26,16,459,5,3,4413.16
2025-05-16,Organic,Email CRM,0.0,68,3217,38,26,56680.92
2025-05-16,Influencer,Creator B,11958.66,46,1584,13,7,11502.01
2025-05-16,Affiliate,Cashback Partners,7266.29,116,3090,49,25,42456.41
2025-05-17,Meta,Lookalike,6114.25,130,4128,33,22,28737.7
2025-05-17,Google,Diwali Search,6595.92,26,548,9,5,9624.98
2025-05-17,Organic,SEO Content,0.0,48,1880,31,13,50120.05
2025-05-17,Influencer,Creator B,3216.89,23,422,7,4,7479.37
2025-05-17,Influencer,Micro Influencer Push,5990.99,48,1040,7,3,8133.24
2025-05-17,Affiliate,Cashback Partners,5209.16,33,611,6,4,6396.6
2025-05-17,Affiliate,Deal Week,5817.07,183,3761,46,28,53203.7
2025-05-18,Meta,Lookalike,10943.97,60,2884,40,24,49415.61
2025-05-18,Meta,Always On,6607.13,159,4418,80,38,78235.19
2025-05-18,Google,Performance Max,2777.26,80,3686,40,25,34878.93
2025-05-18,Organic,SEO Content,0.0,193,4047,71,44,102108.09
2025-05-18,Organic,Email CRM,0.0,78,2026,17,7,24376.41
2025-05-18,Influencer,Micro Influencer Push,7446.56,40,1579,17,12,17792.03
2025-05-18,Affiliate,Cashback Partners,17442.76,203,3882,26,16,23063.32
2025-05-19,Meta,Festive Fashion,10516.83,28,1404,22,15,26265.33
2025-05-19,Google,,7889.36,24,634,5,3,6133.48
2025-05-19,Organic,Instagram Organic,0.0,145,3313,31,14,45673.57
2025-05-19,Influencer,Creator B,6022.84,64,3683,59,37,52923.48
2025-05-19,Influencer,Celebrity Drop,4629.79,170,4369,57,37,51305.86
2025-05-19,Affiliate,Fashion Blogs,4304.15,200,4203,26,14,25385.99
2025-05-20,Meta,New Collection,7901.93,16,892,6,3,7087.09
2025-05-20,Google,Performance Max,10411.69,127,3565,45,30,48063.21
2025-05-20,Organic,Direct,0.0,108,4245,43,21,58922.43
2025-05-20,Influencer,,9487.21,135,3262,27,14,27378.02
2025-05-20,Affiliate,Coupon Partners,4210.8,74,3761,53,32,44825.53
2025-05-21,Meta,Lookalike,5976.25,201,3835,35,16,34462.63
2025-05-21,Google,Generic Search,8100.6,113,2230,31,14,30487.32
2025-05-21,Google,Diwali Search,11111.56,13,564,6,3,6546.64
2025-05-21,Organic,WhatsApp Community,0.0,160,5727,49,34,57677.22
2025-05-21,Influencer,Celebrity Drop,5978.22,47,1227,10,5,11906.47
2025-05-21,Influencer,Festive Creators,9589.55,38,866,8,5,6505.64
2025-05-21,Affiliate,Cashback Partners,12213.1,30,912,6,5,6878.09
2025-05-22,Meta,Catalog Ads,5493.52,69,3259,33,20,26928.37
2025-05-22,Google,Generic Search,4825.6,47,2468,44,25,41352.71
2025-05-22,Google,Performance Max,1841.81,144,2613,44,26,52483.41
2025-05-22,Organic,Email CRM,0.0,79,2374,26,14,35054.55
2025-05-22,Influencer,Festive Creators,9144.06,132,2647,36,22,31740.11
2025-05-22,Influencer,Celebrity Drop,3887.49,102,2983,40,29,40873.17
2025-05-22,Affiliate,Fashion Blogs,3874.42,39,752,13,8,14604.77
2025-05-22,Affiliate,Cashback Partners,8912.32,72,3889,36,20,43853.93
2025-05-23,Meta,New Collection,8390.24,44,2240,22,12,23868.61
2025-05-23,Meta,Retargeting,5688.79,54,1036,11,7,8985.88
2025-05-23,Google,Remarketing,7373.9,198,3734,25,12,25643.74
2025-05-23,Organic,SEO Content,0.0,60,2184,22,15,35202.77
2025-05-23,Influencer,Celebrity Drop,3495.17,18,617,11,5,9097.62
2025-05-23,Affiliate,Deal Week,7031.51,39,1191,22,14,23522.23
2025-05-23,Affiliate,Cashback Partners,5051.72,15,464,4,3,4590.53
2025-05-24,Meta,Festive Fashion,6224.69,34,1510,18,10,14794.26
2025-05-24,Google,Generic Search,12178.8,41,809,9,5,10355.08
2025-05-24,Google,Performance Max,3833.8,83,3310,41,28,45781.5
2025-05-24,Organic,Direct,0.0,201,4647,62,33,96253.35
2025-05-24,Influencer,Creator B,10460.15,78,4418,28,14,25582.13
2025-05-24,Affiliate,Fashion Blogs,3807.45,57,3472,59,34,57766.82
2025-05-25,Meta,Always On,2618.18,120,2907,54,30,46369.76
2025-05-25,Google,Generic Search,6280.69,71,2488,36,23,32798.9
2025-05-25,Organic,Direct,0.0,38,932,14,6,22591.96
2025-05-25,Influencer,Celebrity Drop,3731.63,13,687,9,5,8518.45
2025-05-25,Affiliate,Fashion Blogs,2224.91,155,2926,31,21,27373.24
2025-05-26,Meta,Flash Sale,15382.27,19,417,4,2,3556.08
2025-05-26,Google,Performance Max,5299.78,29,573,8,5,9619.14
2025-05-26,Organic,SEO Content,0.0,77,3788,25,16,30660.39
2025-05-26,Organic,Direct,0.0,131,4704,79,54,110835.33
2025-05-26,Influencer,Celebrity Drop,8981.63,68,2281,26,16,31790.02
2025-05-26,Affiliate,Coupon Partners,3690.73,121,3309,38,25,34621.6
2025-05-27,Meta,Diwali Sale,4536.42,56,2087,22,11,21668.09
2025-05-27,Google,,18509.14,19,1109,21,11,24438.25
2025-05-27,Organic,WhatsApp Community,0.0,110,3709,31,22,44713.29
2025-05-27,Influencer,Micro Influencer Push,5130.16,20,776,6,4,5455.23
2025-05-27,Affiliate,Fashion Blogs,4043.45,108,3558,29,17,28074.34
2025-05-28,Meta,Always On,2040.16,26,1152,17,10,17445.36
2025-05-28,Google,Brand Search,12459.88,49,1943,37,21,39920.18
2025-05-28,Organic,SEO Content,0.0,115,2858,26,12,32629.03
2025-05-28,Influencer,Creator B,7819.83,86,2827,50,35,49783.89
2025-05-28,Affiliate,Deal Week,9900.83,66,2280,22,15,20286.1
2025-05-29,Meta,New Collection,7610.83,95,2626,38,21,39574.03
2025-05-29,Google,Shopping Ads,4845.93,166,3614,24,12,21660.87
2025-05-29,Google,Generic Search,8797.44,44,1443,18,10,21374.43
2025-05-29,Organic,Instagram Organic,0.0,197,5125,75,34,93786.38
2025-05-29,Influencer,Celebrity Drop,7479.47,213,3978,52,33,51294.55
2025-05-29,Affiliate,Coupon Partners,6342.08,99,2746,25,15,28364.45
2025-05-29,Affiliate,Cashback Partners,8498.64,115,2230,38,19,30746.75
2025-05-30,Meta,Catalog Ads,13476.83,47,995,19,11,18192.66
2025-05-30,Google,Diwali Search,5525.34,25,1417,17,12,16993.77
2025-05-30,Organic,Direct,0.0,90,2792,40,19,61640.66
2025-05-30,Influencer,Celebrity Drop,12485.83,112,2619,43,24,48815.27
2025-05-30,Affiliate,Fashion Blogs,4774.67,89,1635,15,9,18440.41
2025-05-31,Meta,Catalog Ads,3134.33,71,2115,37,17,36005.44
2025-05-31,Google,Brand Search,4042.79,52,2769,27,16,25925.27
2025-05-31,Organic,WhatsApp Community,0.0,170,4523,73,44,108472.59
2025-05-31,Influencer,Creator B,4721.59,66,3269,25,12,23242.65
2025-05-31,Influencer,Micro Influencer Push,8548.73,66,1455,14,7,12154.74
2025-05-31,Affiliate,Fashion Blogs,10819.06,108,3061,40,27,49152.13
2025-06-01,Meta,Festive Fashion,10607.39,97,2214,29,15,33697.12
2025-06-01,Meta,Lookalike,4318.9,212,4256,73,44,89605.03
2025-06-01,Google,Brand Search,8424.52,42,1047,20,12,18036.44
2025-06-01,Organic,WhatsApp Community,0.0,129,3267,24,16,35366.25
2025-06-01,Influencer,Creator B,7937.41,104,2292,22,14,21962.53
2025-06-01,Affiliate,Fashion Blogs,4128.21,121,2484,27,18,32846.12
2025-06-01,Affiliate,Coupon Partners,12060.18,161,3232,40,24,34674.63
2025-06-02,Meta,Catalog Ads,1233.29,34,2056,26,14,22296.85
2025-06-02,Google,Performance Max,1747.14,154,4146,71,38,59381.93
2025-06-02,Google,Shopping Ads,4533.21,55,2344,38,20,43411.18
2025-06-02,Organic,WhatsApp Community,0.0,51,1035,7,4,8984.46
2025-06-02,Influencer,Celebrity Drop,2683.54,36,888,11,5,12229.58
2025-06-02,Affiliate,Coupon Partners,4483.25,140,4390,62,34,51427.74
2025-06-03,Meta,Festive Fashion,3612.89,21,949,12,6,13488.63
2025-06-03,Meta,Retargeting,9466.27,122,4286,33,14,33108.73
2025-06-03,Google,Shopping Ads,10018.73,66,1540,17,9,14882.98
2025-06-03,Google,Generic Search,9964.87,18,782,9,6,8422.25
2025-06-03,Organic,Direct,0.0,68,3605,31,18,43504.93
2025-06-03,Organic,Email CRM,0.0,58,1152,18,12,20907.63
2025-06-03,Influencer,Festive Creators,8556.63,98,2154,22,13,27113.07
2025-06-03,Affiliate,Deal Week,6052.03,83,3620,50,34,50738.78
2025-06-04,Meta,Catalog Ads,15703.19,78,2905,37,25,35877.79
2025-06-04,Google,Performance Max,3712.67,110,2043,36,16,39672.55
2025-06-04,Google,Brand Search,16495.36,130,3001,23,17,25117.61
2025-06-04,Organic,Direct,0.0,223,5647,43,18,52243.84
2025-06-04,Organic,Instagram Organic,0.0,108,3967,40,24,56365.02
2025-06-04,Influencer,Creator B,4964.18,28,1029,12,8,10958.71
2025-06-04,Affiliate,Coupon Partners,4426.7,34,2076,21,11,20391.54
2025-06-05,Meta,Lookalike,3746.67,170,3844,61,37,68112.9
2025-06-05,Google,Generic Search,6116.94,22,1292,12,7,12613.34
2025-06-05,Organic,WhatsApp Community,0.0,42,2797,20,9,26096.72
2025-06-05,Organic,Direct,0.0,149,3379,39,17,63680.56
2025-06-05,Influencer,,1826.52,152,2866,46,21,47301.39
2025-06-05,Influencer,Festive Creators,15326.79,77,1699,29,13,27447.42
2025-06-05,Affiliate,Deal Week,12798.36,141,4173,65,39,78482.95
2025-06-05,Affiliate,Fashion Blogs,4595.08,19,547,7,4,7286.88
2025-06-06,Meta,Always On,11151.58,53,1624,25,14,29669.54
2025-06-06,Google,Shopping Ads,3801.41,59,2115,32,20,31283.12
2025-06-06,Google,Remarketing,6289.22,85,2356,22,9,25736.54
2025-06-06,Organic,WhatsApp Community,0.0,131,4057,54,27,74830.09
2025-06-06,Organic,Direct,0.0,87,2226,36,23,42904.15
2025-06-06,Influencer,Creator A,6664.45,67,1324,14,10,11765.89
2025-06-06,Influencer,Celebrity Drop,6914.89,43,790,12,7,9839.57
2025-06-06,Affiliate,Fashion Blogs,12650.17,50,2747,34,15,41141.33
2025-06-07,Meta,Always On,11336.38,56,1838,23,15,25788.29
2025-06-07,Meta,Diwali Sale,10861.89,60,2719,20,14,21617.74
2025-06-07,Google,,18443.05,82,2817,42,23,43687.0
2025-06-07,Organic,SEO Content,0.0,63,2370,41,20,47515.77
2025-06-07,Influencer,Celebrity Drop,12864.92,58,2642,21,9,22824.02
2025-06-07,Influencer,Festive Creators,16444.55,139,3056,33,20,38592.38
2025-06-07,Affiliate,Cashback Partners,987.04,98,2807,19,13,20301.1
2025-06-07,Affiliate,Deal Week,2235.15,159,3074,20,12,22703.45
2025-06-08,Meta,Lookalike,2365.26,48,2928,55,29,51127.17
2025-06-08,Meta,,3927.2,30,1696,21,13,25945.41
2025-06-08,Google,Remarketing,12279.13,44,1409,15,10,12301.1
2025-06-08,Google,Generic Search,17265.3,66,3628,35,20,34160.45
2025-06-08,Organic,SEO Content,0.0,77,3035,57,38,86219.85
2025-06-08,Influencer,Celebrity Drop,8820.22,144,2651,25,13,22135.46
2025-06-08,Affiliate,Cashback Partners,4819.79,28,1207,19,10,16495.61
2025-06-09,Meta,Catalog Ads,7307.68,50,2168,21,13,20301.03
2025-06-09,Meta,Festive Fashion,8350.1,98,2571,18,10,17897.59
2025-06-09,Google,Performance Max,8060.55,104,2966,44,32,53522.84
2025-06-09,Organic,WhatsApp Community,0.0,85,2218,14,8,17300.55
2025-06-09,Organic,Direct,0.0,143,4765,71,38,88317.34
2025-06-09,Influencer,Festive Creators,11854.97,209,4343,40,22,49353.22
2025-06-09,Affiliate,Fashion Blogs,6870.79,51,2502,40,23,43537.41
2025-06-10,Meta,Diwali Sale,7697.36,119,3714,60,32,71409.89
2025-06-10,Google,Shopping Ads,7307.48,146,3420,53,34,48454.26
2025-06-10,Organic,WhatsApp Community,0.0,71,1429,9,5,12257.13
2025-06-10,Organic,Direct,0.0,152,5115,78,42,99998.36
2025-06-10,Influencer,Micro Influencer Push,2239.09,35,925,18,11,14579.17
2025-06-10,Influencer,Creator A,11739.95,74,4176,38,17,42416.02
2025-06-10,Affiliate,Deal Week,11559.96,85,3885,37,23,31748.17
2025-06-11,Meta,Flash Sale,3706.28,44,2464,41,24,42922.91
2025-06-11,Google,Performance Max,6516.47,150,3406,28,16,31137.63
2025-06-11,Google,Brand Search,1920.17,67,2533,37,24,30348.2
2025-06-11,Organic,SEO Content,0.0,118,2677,43,28,62706.41
2025-06-11,Influencer,Creator A,3765.68,65,3679,24,16,26564.3
2025-06-11,Affiliate,Fashion Blogs,3189.15,70,1408,19,10,22747.39
2025-06-12,Meta,Retargeting,3524.81,82,1689,23,12,21565.03
2025-06-12,Google,Remarketing,2381.13,47,2529,25,16,30859.41
2025-06-12,Google,Shopping Ads,6288.38,61,3833,67,40,78883.32
2025-06-12,Organic,Email CRM,0.0,65,3762,31,19,43178.23
2025-06-12,Influencer,Festive Creators,3042.45,119,2425,26,16,25437.48
2025-06-12,Influencer,Creator B,6378.77,14,570,10,6,11186.98
2025-06-12,Affiliate,Coupon Partners,9835.93,32,875,8,4,9319.2
2025-06-12,Affiliate,Fashion Blogs,7263.32,20,629,11,6,10333.39
2025-06-13,Meta,Diwali Sale,7594.74,33,695,5,3,6212.8
2025-06-13,Google,Brand Search,9190.62,137,3960,49,27,59071.25
2025-06-13,Google,Shopping Ads,8352.86,135,3852,27,17,27526.67
2025-06-13,Organic,SEO Content,0.0,93,1704,25,14,30143.13
2025-06-13,Influencer,Celebrity Drop,4824.85,13,627,10,6,10364.36
2025-06-13,Affiliate,Coupon Partners,2905.86,35,718,12,8,13687.23
2025-06-13,Affiliate,Cashback Partners,9700.73,26,1550,29,19,33919.64
2025-06-14,Meta,Retargeting,2546.77,93,2717,40,23,32650.37
2025-06-14,Meta,Flash Sale,13670.26,89,1769,29,20,24384.38
2025-06-14,Google,Diwali Search,11100.65,100,2398,30,17,28619.44
2025-06-14,Organic,Direct,0.0,122,2865,51,34,78660.89
2025-06-14,Influencer,Creator A,11160.72,87,3396,49,23,48076.61
2025-06-14,Affiliate,Fashion Blogs,1670.53,54,1686,30,15,35887.67
2025-06-15,Meta,Flash Sale,7211.38,20,672,6,3,6056.18
2025-06-15,Google,Brand Search,2544.81,124,3445,43,20,40121.03
2025-06-15,Google,Diwali Search,5924.74,137,4101,64,36,76929.91
2025-06-15,Organic,SEO Content,0.0,133,4748,41,20,55880.11
2025-06-15,Influencer,Celebrity Drop,6540.04,60,2190,19,12,18326.28
2025-06-15,Affiliate,Fashion Blogs,3464.48,95,3791,71,34,58615.71
2025-06-16,Meta,Catalog Ads,1219.56,98,3295,39,18,33338.08
2025-06-16,Meta,Lookalike,3592.55,82,3911,33,23,28620.86
2025-06-16,Google,Diwali Search,11096.58,105,2102,22,14,21262.0
2025-06-16,Google,Generic Search,3914.87,75,1926,22,15,23607.57
2025-06-16,Organic,SEO Content,0.0,46,2280,32,18,46573.35
2025-06-16,Influencer,Celebrity Drop,5900.99,44,1029,19,8,15862.33
2025-06-16,Influencer,Festive Creators,1322.4,68,1381,26,16,23984.38
2025-06-16,Affiliate,Fashion Blogs,3958.27,70,2863,42,25,41400.72
2025-06-17,Meta,Flash Sale,4494.97,66,3140,48,20,59631.06
2025-06-17,Google,Performance Max,7324.05,14,890,9,6,8809.48
2025-06-17,Google,Generic Search,3597.33,42,2484,43,26,36346.4
2025-06-17,Organic,WhatsApp Community,0.0,72,1574,14,9,16127.6
2025-06-17,Influencer,,8371.44,134,2457,18,10,21786.86
2025-06-17,Affiliate,Fashion Blogs,6146.7,73,4329,81,49,93306.36
2025-06-17,Affiliate,Cashback Partners,9859.39,32,714,13,6,15258.15
2025-06-18,Meta,,8769.29,80,4481,45,32,54637.14
2025-06-18,Google,Performance Max,3524.33,87,2243,33,18,35835.16
2025-06-18,Organic,Email CRM,0.0,161,3561,43,20,62917.6
2025-06-18,Influencer,Celebrity Drop,9224.72,63,2140,22,10,18055.0
2025-06-18,Affiliate,Coupon Partners,8129.78,26,1674,17,10,19942.65
2025-06-18,Affiliate,Cashback Partners,7281.41,138,3559,28,20,33119.67
2025-06-19,Meta,Always On,12683.53,176,3219,43,30,51990.81
2025-06-19,Google,Performance Max,5149.79,25,990,12,8,12195.39
2025-06-19,Organic,Direct,0.0,39,1728,22,16,28411.35
2025-06-19,Influencer,Festive Creators,8767.08,70,3487,31,20,27646.39
2025-06-19,Influencer,Creator B,13527.67,74,1990,36,19,38564.04
2025-06-19,Affiliate,Cashback Partners,7941.52,163,4195,60,36,57823.94
2025-06-20,Meta,Lookalike,16887.73,141,3027,54,24,57680.9
2025-06-20,Meta,Retargeting,6929.19,80,1767,13,7,14339.89
2025-06-20,Google,Brand Search,1510.65,22,443,6,4,5751.86
2025-06-20,Organic,Email CRM,0.0,118,2505,43,21,60078.97
2025-06-20,Influencer,Festive Creators,11201.31,31,1257,13,9,12317.29
2025-06-20,Influencer,Celebrity Drop,12269.98,130,3501,30,22,32939.0
2025-06-20,Affiliate,Deal Week,9092.76,69,2552,24,13,26487.5
2025-06-21,Meta,Diwali Sale,4852.42,65,2313,22,14,24903.54
2025-06-21,Meta,Flash Sale,6622.21,56,1071,13,7,11201.88
2025-06-21,Google,Brand Search,5304.78,140,3317,34,16,39641.32
2025-06-21,Google,Remarketing,7107.87,58,1080,11,6,12194.63
2025-06-21,Organic,SEO Content,0.0,101,3197,46,23,59747.57
2025-06-21,Influencer,Creator B,9639.77,140,3828,26,13,24793.58
2025-06-21,Affiliate,Cashback Partners,5631.8,144,4173,44,21,44494.78
2025-06-22,Meta,,2613.49,86,4455,67,30,64628.16
2025-06-22,Google,Remarketing,12187.07,106,4327,36,18,30876.23
2025-06-22,Google,,6201.27,97,2679,24,17,21533.08
2025-06-22,Organic,Instagram Organic,0.0,67,3776,33,15,54388.3
2025-06-22,Organic,WhatsApp Community,0.0,217,4160,25,13,31635.53
2025-06-22,Influencer,Festive Creators,11456.99,74,3686,45,26,41540.92
2025-06-22,Affiliate,Cashback Partners,4624.87,102,4460,29,16,33830.24
2025-06-23,Meta,Flash Sale,4417.6,140,3068,30,17,31127.77
2025-06-23,Google,Generic Search,9046.77,18,980,19,8,18861.02
2025-06-23,Organic,SEO Content,0.0,222,4350,78,48,125301.52
2025-06-23,Organic,Direct,0.0,229,5205,46,27,74013.23
2025-06-23,Influencer,Micro Influencer Push,7738.16,68,3856,39,24,33690.97
2025-06-23,Affiliate,Cashback Partners,2748.4,86,2009,24,14,21694.29
2025-06-23,Affiliate,Fashion Blogs,7637.48,70,1747,30,17,27116.52
2025-06-24,Meta,Catalog Ads,6885.25,33,728,12,7,12837.92
2025-06-24,Google,Brand Search,7104.4,184,3825,29,14,29261.24
2025-06-24,Google,Performance Max,929.59,153,3496,27,15,26364.32
2025-06-24,Organic,Instagram Organic,0.0,48,1237,14,6,19047.0
2025-06-24,Influencer,Celebrity Drop,4017.38,61,2178,38,20,46837.79
2025-06-24,Affiliate,Coupon Partners,7639.34,101,2366,42,26,39655.92
2025-06-25,Meta,,5414.53,124,2324,17,8,17590.92
2025-06-25,Google,Shopping Ads,4195.73,160,4167,56,25,56966.01
2025-06-25,Organic,WhatsApp Community,0.0,114,2747,22,14,28644.03
2025-06-25,Organic,SEO Content,0.0,29,905,14,8,18767.25
2025-06-25,Influencer,Micro Influencer Push,4607.45,52,1141,21,14,23658.49
2025-06-25,Affiliate,Coupon Partners,5637.65,77,1400,17,12,15209.05
2025-06-26,Meta,Diwali Sale,11317.36,88,4119,29,21,29101.47
2025-06-26,Google,Brand Search,9323.89,98,4256,58,32,67436.19
2025-06-26,Google,Generic Search,2528.42,21,583,7,3,6816.56
2025-06-26,Organic,Email CRM,0.0,32,948,16,10,26314.71
2025-06-26,Influencer,Creator A,4575.55,51,1354,14,9,13530.06
2025-06-26,Affiliate,Deal Week,5821.92,20,1189,21,13,21521.95
2025-06-27,Meta,Lookalike,19774.43,50,1597,16,8,16234.89
2025-06-27,Meta,Always On,2668.41,46,1196,10,4,9967.15
2025-06-27,Google,Brand Search,7512.02,93,2409,24,12,28268.21
2025-06-27,Organic,Email CRM,0.0,82,1982,13,6,18972.18
2025-06-27,Influencer,Celebrity Drop,7911.13,123,2804,27,13,28502.02
2025-06-27,Influencer,Micro Influencer Push,10972.47,137,3365,49,34,52823.26
2025-06-27,Affiliate,Coupon Partners,5100.62,113,2422,19,8,22425.7
2025-06-28,Meta,New Collection,7982.76,18,457,4,2,4295.57
2025-06-28,Google,Brand Search,1970.83,27,744,6,4,7368.81
2025-06-28,Google,Remarketing,4808.86,59,1502,11,6,13084.6
2025-06-28,Organic,Direct,0.0,75,3950,69,40,98144.92
2025-06-28,Organic,,0.0,142,5462,100,63,116795.89
2025-06-28,Influencer,Micro Influencer Push,2087.07,139,3858,26,13,31913.87
2025-06-28,Affiliate,Fashion Blogs,2800.9,195,3901,62,35,56986.02
2025-06-29,Meta,Retargeting,7824.13,127,3014,47,32,50493.77
2025-06-29,Google,Performance Max,5817.04,50,2680,51,33,47427.35
2025-06-29,Organic,Email CRM,0.0,187,4845,51,34,80270.0
2025-06-29,Organic,Direct,0.0,100,4196,41,29,48868.01
2025-06-29,Influencer,Festive Creators,2239.56,140,3147,38,20,42896.1
2025-06-29,Affiliate,Coupon Partners,7110.48,176,3657,63,41,62409.6
2025-06-30,Meta,Retargeting,5967.36,137,3527,55,33,58534.66
2025-06-30,Meta,Diwali Sale,4993.14,113,2916,36,22,29427.12
2025-06-30,Google,Brand Search,15492.15,18,638,6,4,6670.86
2025-06-30,Google,Generic Search,17041.63,111,3372,52,34,53254.15
2025-06-30,Organic,Email CRM,0.0,241,4868,84,58,98572.84
2025-06-30,Influencer,Creator A,11710.63,152,3449,39,20,36848.64
2025-06-30,Affiliate,Deal Week,9157.66,93,2612,39,24,33936.28
2025-07-01,Meta,Flash Sale,5001.48,119,4012,45,23,44887.11
2025-07-01,Google,Diwali Search,7110.4,30,1787,22,13,26863.8
2025-07-01,Google,Performance Max,12757.89,87,4218,54,35,48934.9
2025-07-01,Organic,,0.0,40,1776,29,19,37335.44
2025-07-01,Influencer,Creator B,4941.01,53,1757,33,18,27322.8
2025-07-01,Affiliate,Deal Week,4234.19,125,2378,28,16,31409.6
2025-07-02,Meta,Catalog Ads,6494.7,91,2578,27,14,24593.79
2025-07-02,Google,Brand Search,7414.34,87,3551,39,18,39178.02
2025-07-02,Google,Generic Search,5283.98,62,3225,25,13,24193.42
2025-07-02,Organic,WhatsApp Community,0.0,148,5183,51,36,70782.61
2025-07-02,Influencer,Creator B,2529.44,91,1916,14,7,13411.85
2025-07-02,Influencer,Celebrity Drop,8087.87,75,2469,29,21,27839.6
2025-07-02,Affiliate,Cashback Partners,4820.37,99,2166,18,9,18640.8
2025-07-02,Affiliate,Coupon Partners,4566.35,195,4129,44,28,54276.48
2025-07-03,Meta,Retargeting,14361.81,32,1650,27,16,27342.86
2025-07-03,Google,Shopping Ads,17598.99,110,2807,26,17,31410.31
2025-07-03,Organic,Email CRM,0.0,290,5440,76,47,121420.98
2025-07-03,Influencer,Festive Creators,6493.94,121,3886,69,44,58879.91
2025-07-03,Affiliate,Cashback Partners,9386.83,34,1975,27,19,24495.45
2025-07-04,Meta,New Collection,5718.11,93,1796,16,9,15763.52
2025-07-04,Google,Generic Search,5107.3,140,2789,29,13,27523.96
2025-07-04,Organic,Instagram Organic,0.0,50,1384,19,10,29355.75
2025-07-04,Organic,Email CRM,0.0,122,3296,42,26,52450.28
2025-07-04,Influencer,Creator B,12697.37,61,2578,21,12,22266.52
2025-07-04,Affiliate,Cashback Partners,4545.16,120,2519,30,17,30660.74
2025-07-04,Affiliate,Deal Week,4742.71,29,830,11,7,10787.86
2025-07-05,Meta,New Collection,17732.69,8,489,5,3,5376.04
2025-07-05,Meta,Festive Fashion,9829.33,86,2034,29,19,24964.19
2025-07-05,Google,Performance Max,10131.26,238,4492,31,20,27202.78
2025-07-05,Organic,WhatsApp Community,0.0,247,5133,54,34,72146.15
2025-07-05,Influencer,Creator B,10741.75,78,2978,49,31,43184.33
2025-07-05,Affiliate,Fashion Blogs,10029.91,51,2986,28,19,30904.85
2025-07-06,Meta,New Collection,2941.48,105,2005,28,17,22874.29
2025-07-06,Google,Remarketing,8711.74,59,1127,13,9,11394.15
2025-07-06,Organic,Email CRM,0.0,121,3328,34,16,52364.08
2025-07-06,Organic,Instagram Organic,0.0,211,5186,93,57,131459.8
2025-07-06,Influencer,Micro Influencer Push,6020.45,57,1697,18,12,18367.65
2025-07-06,Affiliate,Deal Week,15006.45,38,1185,11,6,11262.3
2025-07-07,Meta,Flash Sale,4089.99,29,1462,26,13,29798.19
2025-07-07,Meta,Catalog Ads,6505.24,9,501,8,5,6575.68
2025-07-07,Google,Shopping Ads,13006.64,70,2892,43,23,42733.18
2025-07-07,Google,Remarketing,3134.79,204,4202,28,20,23798.32
2025-07-07,Organic,Instagram Organic,0.0,118,5671,44,23,54438.82
2025-07-07,Influencer,Festive Creators,5569.3,54,2237,32,15,39635.18
2025-07-07,Affiliate,Coupon Partners,3693.04,78,2123,19,11,21610.49
2025-07-08,Meta,New Collection,11139.49,39,1660,15,8,18587.06
2025-07-08,Google,Generic Search,7284.31,21,983,16,7,18144.95
2025-07-08,Organic,SEO Content,0.0,125,3320,33,19,44484.91
2025-07-08,Influencer,Creator A,8972.11,81,2722,19,11,21615.4
2025-07-08,Affiliate,Cashback Partners,2381.6,17,429,3,2,3287.49
2025-07-09,Meta,Festive Fashion,6089.27,108,2103,25,15,25252.05
2025-07-09,Meta,Retargeting,4086.82,32,1539,22,13,20562.76
2025-07-09,Google,Performance Max,3867.62,57,1098,19,13,19660.3
2025-07-09,Organic,Email CRM,0.0,61,1203,9,5,13166.71
2025-07-09,Organic,WhatsApp Community,0.0,127,2634,23,11,37642.1
2025-07-09,Influencer,Festive Creators,5437.54,121,2998,39,27,33941.68
2025-07-09,Influencer,Creator B,11750.15,132,3325,36,21,37966.77
2025-07-09,Affiliate,Coupon Partners,5363.58,180,4425,55,24,50264.03
2025-07-10,Meta,New Collection,4518.49,157,3691,67,45,62654.24
2025-07-10,Google,Performance Max,2901.46,46,2943,39,19,39992.69
2025-07-10,Organic,SEO Content,0.0,106,1997,23,15,34060.84
2025-07-10,Influencer,Creator B,3968.94,91,2357,45,28,55312.75
2025-07-10,Affiliate,Deal Week,15348.38,205,4437,31,22,31079.18
2025-07-11,Meta,Diwali Sale,4755.07,106,3521,64,46,61499.74
2025-07-11,Meta,Retargeting,3572.45,48,3068,39,20,31936.55
2025-07-11,Google,,7888.72,145,4103,52,34,61193.45
2025-07-11,Organic,Direct,0.0,117,3317,60,31,69485.85
2025-07-11,Influencer,Creator B,5375.36,109,3354,42,26,41543.34
2025-07-11,Affiliate,Deal Week,7947.69,45,1567,19,11,17366.02
2025-07-12,Meta,Festive Fashion,9183.56,109,4349,42,18,47613.66
2025-07-12,Google,Diwali Search,6926.94,107,2955,43,18,52534.8
2025-07-12,Organic,Instagram Organic,0.0,117,3887,52,23,78130.22
2025-07-12,Influencer,Micro Influencer Push,8045.99,123,2289,20,9,17306.98
2025-07-12,Affiliate,Cashback Partners,6882.59,87,3953,60,30,51243.49
2025-07-13,Meta,New Collection,7374.54,20,704,10,7,8088.46
2025-07-13,Google,,10385.2,23,867,10,6,11331.39
2025-07-13,Organic,Instagram Organic,0.0,120,3265,20,13,25508.65
2025-07-13,Influencer,Festive Creators,7884.62,119,3402,40,27,49702.19
2025-07-13,Influencer,Creator B,8677.98,151,3717,23,15,26469.13
2025-07-13,Affiliate,Deal Week,3483.5,117,2204,16,9,14037.68
2025-07-14,Meta,Lookalike,6682.04,81,3063,36,24,44492.83
2025-07-14,Google,Brand Search,13455.42,114,2667,19,12,18053.36
2025-07-14,Organic,SEO Content,0.0,30,1896,18,12,28459.43
2025-07-14,Influencer,Creator A,6587.23,79,3081,45,31,49871.07
2025-07-14,Influencer,Creator B,4721.07,71,2109,21,13,17379.9
2025-07-14,Affiliate,Coupon Partners,2800.04,71,4376,83,48,97036.11
2025-07-14,Affiliate,Cashback Partners,7338.23,33,839,15,11,18667.87
2025-07-15,Meta,New Collection,6530.02,187,4436,61,34,69955.95
2025-07-15,Google,Performance Max,8537.96,46,1031,19,13,21844.75
2025-07-15,Organic,Instagram Organic,0.0,87,2435,42,19,56361.69
2025-07-15,Organic,Email CRM,0.0,171,4365,45,19,56241.34
2025-07-15,Influencer,,3593.22,105,3408,54,31,62346.02
2025-07-15,Affiliate,Deal Week,5736.24,73,4378,34,15,36332.32
2025-07-16,Meta,Catalog Ads,14404.45,66,3474,52,37,62704.3
2025-07-16,Google,Performance Max,13502.68,124,3011,38,16,32567.28
2025-07-16,Organic,SEO Content,0.0,57,1037,7,4,9687.82
2025-07-16,Influencer,Micro Influencer Push,4047.16,7,419,4,2,3858.46
2025-07-16,Affiliate,Coupon Partners,10650.37,34,907,17,12,18809.85
2025-07-17,Meta,Catalog Ads,10250.34,73,1620,17,9,19590.66
2025-07-17,Google,Diwali Search,9210.16,27,567,5,2,6142.87
2025-07-17,Organic,WhatsApp Community,0.0,73,1991,17,8,21719.18
2025-07-17,Organic,SEO Content,0.0,217,5450,67,39,84950.02
2025-07-17,Influencer,Celebrity Drop,8907.25,186,4349,74,53,60589.89
2025-07-17,Affiliate,Deal Week,4944.72,119,2407,38,27,34856.59
2025-07-17,Affiliate,Fashion Blogs,3700.72,79,3987,47,24,45612.79
2025-07-18,Meta,Festive Fashion,8534.89,231,4440,39,22,41617.84
2025-07-18,Google,Brand Search,3860.79,63,3925,26,12,26339.63
2025-07-18,Organic,Email CRM,0.0,68,1405,17,10,24422.73
2025-07-18,Influencer,Festive Creators,9384.47,31,1733,29,18,31332.57
2025-07-18,Affiliate,Coupon Partners,14755.42,100,4409,69,34,80754.91
2025-07-19,Meta,Festive Fashion,5938.17,21,1391,16,10,14596.92
2025-07-19,Meta,New Collection,1065.36,68,2087,29,20,27747.17
2025-07-19,Google,Brand Search,6282.17,20,703,8,4,8927.82
2025-07-19,Organic,SEO Content,0.0,65,3015,41,20,62880.6
2025-07-19,Influencer,Micro Influencer Push,5164.04,101,3064,39,19,45588.89
2025-07-19,Affiliate,Fashion Blogs,25762.04,23,747,11,5,9878.93
2025-07-20,Meta,Festive Fashion,6372.77,60,1309,17,8,17733.46
2025-07-20,Meta,Lookalike,4021.03,136,2677,49,30,58885.8
2025-07-20,Google,,6418.64,107,2615,30,14,29351.26
2025-07-20,Organic,Instagram Organic,0.0,39,1955,12,8,18809.73
2025-07-20,Influencer,Festive Creators,3987.22,40,1490,14,10,17346.55
2025-07-20,Influencer,Celebrity Drop,13669.92,216,4191,53,37,45354.97
2025-07-20,Affiliate,Cashback Partners,8188.17,41,2222,29,18,32372.01
2025-07-20,Affiliate,Coupon Partners,4197.95,118,3772,50,24,58992.19
2025-07-21,Meta,Always On,2431.14,73,1377,21,10,18319.3
2025-07-21,Google,Diwali Search,9101.82,29,551,6,3,6721.01
2025-07-21,Organic,Email CRM,0.0,45,1433,21,15,28325.53
2025-07-21,Influencer,Festive Creators,6138.08,80,1928,29,21,34249.98
2025-07-21,Affiliate,Deal Week,5417.38,143,4307,49,26,59046.11
2025-07-22,Meta,Diwali Sale,6714.25,27,599,7,4,8327.54
2025-07-22,Meta,Retargeting,6983.18,31,1912,16,9,13349.71
2025-07-22,Google,Brand Search,14022.05,18,848,10,5,11388.11
2025-07-22,Organic,,0.0,121,3055,50,36,59170.09
2025-07-22,Influencer,Creator B,8104.39,77,3168,57,28,61516.3
2025-07-22,Affiliate,Fashion Blogs,7564.29,147,3527,49,26,52441.39
2025-07-23,Meta,Always On,1566.48,97,3324,33,18,27252.6
2025-07-23,Google,Remarketing,5080.42,156,3093,46,21,54391.11
2025-07-23,Organic,SEO Content,0.0,170,3559,56,30,77951.3
2025-07-23,Organic,WhatsApp Community,0.0,62,1798,19,13,25970.92
2025-07-23,Influencer,Creator B,9624.99,181,3948,66,31,80065.73
2025-07-23,Affiliate,Coupon Partners,5378.95,89,3433,24,15,29366.81
2025-07-24,Meta,Catalog Ads,10375.89,119,3431,21,12,26085.18
2025-07-24,Google,Remarketing,8129.15,46,2013,16,8,16248.09
2025-07-24,Organic,Direct,0.0,64,1296,11,5,13733.38
2025-07-24,Influencer,Creator A,9634.07,94,1965,34,17,34699.74
2025-07-24,Affiliate,Fashion Blogs,5288.07,31,600,7,3,5957.22
2025-07-25,Meta,Diwali Sale,8509.75,207,4122,40,21,47586.85
2025-07-25,Google,Remarketing,5737.66,73,1361,16,11,16839.95
2025-07-25,Organic,,0.0,38,1586,18,11,28765.3
2025-07-25,Influencer,Celebrity Drop,7866.92,154,2949,30,21,25230.48
2025-07-25,Influencer,Micro Influencer Push,18581.44,51,1357,11,6,10826.41
2025-07-25,Affiliate,Fashion Blogs,13571.24,125,3918,57,36,67652.26
2025-07-26,Meta,Always On,5020.41,83,2219,18,11,20075.59
2025-07-26,Google,Performance Max,13883.16,12,418,7,3,5896.11
2025-07-26,Organic,Instagram Organic,0.0,112,4222,37,19,60571.74
2025-07-26,Organic,Direct,0.0,130,5287,82,48,96421.63
2025-07-26,Influencer,Festive Creators,5717.23,27,1478,25,16,21265.51
2025-07-26,Affiliate,,4190.72,111,3176,24,14,29201.1
2025-07-27,Meta,Diwali Sale,9679.94,130,2575,19,9,20763.92
2025-07-27,Google,Remarketing,15475.36,21,521,10,7,8477.4
2025-07-27,Organic,WhatsApp Community,0.0,65,1819,22,10,34053.21
2025-07-27,Influencer,Celebrity Drop,8344.18,66,2045,29,21,28072.69
2025-07-27,Influencer,Creator A,3127.07,110,3269,21,14,19187.91
2025-07-27,Affiliate,Deal Week,10291.65,95,4072,39,26,41209.38
2025-07-28,Meta,Flash Sale,19551.38,139,2903,37,24,30041.35
2025-07-28,Google,Performance Max,8795.31,72,3153,55,27,55586.71
2025-07-28,Organic,SEO Content,0.0,111,2534,24,15,35348.6
2025-07-28,Influencer,,7463.38,62,1374,22,14,26709.8
2025-07-28,Affiliate,Deal Week,1245.11,80,2101,31,20,29656.4
2025-07-29,Meta,New Collection,3077.95,193,3896,29,15,31566.65
2025-07-29,Google,Brand Search,5663.67,68,2549,25,12,22644.38
2025-07-29,Organic,Instagram Organic,0.0,133,2653,24,13,30737.24
2025-07-29,Influencer,Creator B,3976.36,159,3596,43,24,39462.65
2025-07-29,Influencer,Micro Influencer Push,5784.83,183,3898,56,33,59206.21
2025-07-29,Affiliate,Deal Week,4905.41,170,4100,48,32,42314.36
2025-07-29,Affiliate,Fashion Blogs,6622.07,79,1625,15,10,18298.12
2025-07-30,Meta,,10682.75,181,3309,50,31,59799.71
2025-07-30,Meta,Flash Sale,9966.02,90,2820,39,19,37213.01
2025-07-30,Google,Diwali Search,3881.7,107,2240,29,16,33278.06
2025-07-30,Organic,Instagram Organic,0.0,123,2739,36,19,52832.81
2025-07-30,Influencer,Creator A,10003.18,29,869,8,4,9052.47
2025-07-30,Affiliate,Cashback Partners,6845.76,79,1526,23,10,21395.43
2025-07-31,Meta,Festive Fashion,6989.01,82,2653,30,16,25970.58
2025-07-31,Google,Brand Search,6474.11,152,4034,44,22,48585.9
2025-07-31,Organic,SEO Content,0.0,41,2145,17,10,20643.47
2025-07-31,Influencer,Festive Creators,5971.77,28,1169,16,7,16626.11
2025-07-31,Affiliate,Deal Week,5709.66,155,3185,44,22,45535.91
2025-08-01,Meta,Catalog Ads,4368.04,23,747,8,4,6657.49
2025-08-01,Google,Brand Search,6124.77,97,3167,55,34,45575.16
2025-08-01,Organic,SEO Content,0.0,29,1181,20,12,23694.07
2025-08-01,Organic,Email CRM,0.0,124,3578,27,14,44462.1
2025-08-01,Influencer,Festive Creators,4044.7,158,3342,50,23,41339.51
2025-08-01,Affiliate,Coupon Partners,9172.07,109,2142,24,17,23338.44
2025-08-02,Meta,Lookalike,5831.1,66,3710,71,42,76360.31
2025-08-02,Google,,6795.63,98,2587,23,15,25179.65
2025-08-02,Organic,Email CRM,0.0,92,2722,27,16,39640.99
2025-08-02,Influencer,Creator B,8342.9,119,3016,36,24,35677.07
2025-08-02,Influencer,Creator A,8071.82,53,1615,16,11,16753.56
2025-08-02,Affiliate,Coupon Partners,5308.5,111,3578,54,29,57262.73
2025-08-03,Meta,Retargeting,3596.71,70,2072,26,16,24524.35
2025-08-03,Meta,Diwali Sale,3724.24,99,2590,23,11,19083.43
2025-08-03,Google,Shopping Ads,3813.08,34,960,12,8,9694.89
2025-08-03,Google,Performance Max,7034.82,30,889,16,9,18778.6
2025-08-03,Organic,WhatsApp Community,0.0,126,2645,43,18,54894.29
2025-08-03,Organic,Instagram Organic,0.0,101,2250,28,20,38500.48
2025-08-03,Influencer,Micro Influencer Push,6252.52,129,4490,44,30,46629.25
2025-08-03,Affiliate,Cashback Partners,8717.94,184,3908,33,17,32397.85
2025-08-03,Affiliate,Fashion Blogs,9253.89,161,3273,57,41,66832.82
2025-08-04,Meta,Always On,8733.8,72,3412,52,27,57881.76
2025-08-04,Meta,New Collection,11816.54,109,2840,38,21,31009.82
2025-08-04,Google,Performance Max,5775.54,17,647,12,8,13770.4
2025-08-04,Organic,Email CRM,0.0,251,5639,43,22,69876.9
2025-08-04,Influencer,Festive Creators,6474.47,60,2432,36,20,34510.35
2025-08-04,Affiliate,Cashback Partners,10252.31,174,4152,37,23,41648.45
2025-08-04,Affiliate,Fashion Blogs,5807.5,33,1299,10,5,11076.87
2025-08-05,Meta,Lookalike,4013.99,86,2437,30,16,28278.1
2025-08-05,Meta,Festive Fashion,5681.51,96,1810,20,11,24765.11
2025-08-05,Google,Performance Max,5304.5,29,950,18,11,19642.72
2025-08-05,Organic,WhatsApp Community,0.0,201,4013,41,19,56143.86
2025-08-05,Organic,Direct,0.0,165,3035,51,25,81611.34
2025-08-05,Influencer,Creator B,6674.6,37,737,12,8,11146.27
2025-08-05,Influencer,Creator A,8579.11,15,675,10,5,10025.67
2025-08-05,Affiliate,Cashback Partners,8497.82,88,1838,33,18,35749.3
2025-08-06,Meta,Diwali Sale,4976.96,20,1228,14,9,14440.89
2025-08-06,Google,Generic Search,2296.46,82,2674,30,19,34245.8
2025-08-06,Organic,Email CRM,0.0,97,1947,16,7,25350.47
2025-08-06,Influencer,Festive Creators,5526.17,70,1637,16,11,17836.19
2025-08-06,Affiliate,Coupon Partners,6916.54,82,2258,40,25,46603.08
2025-08-06,Affiliate,Cashback Partners,3311.74,133,4348,53,28,60547.92
2025-08-07,Meta,Diwali Sale,2916.36,143,3001,32,21,36638.78
2025-08-07,Google,Brand Search,5437.29,174,4010,36,23,43080.95
2025-08-07,Organic,Instagram Organic,0.0,168,4985,62,37,81968.85
2025-08-07,Organic,Email CRM,0.0,275,5430,83,49,124334.37
2025-08-07,Influencer,Festive Creators,2198.04,51,2123,21,13,25870.77
2025-08-07,Affiliate,Coupon Partners,5026.36,88,4038,64,46,67728.78
2025-08-08,Meta,Catalog Ads,4722.27,176,4332,62,37,55898.9
2025-08-08,Google,Brand Search,3703.38,234,4345,71,47,88406.68
2025-08-08,Organic,Email CRM,0.0,26,1064,10,7,14802.49
2025-08-08,Influencer,,3928.73,62,2462,35,24,33375.35
2025-08-08,Affiliate,Cashback Partners,6695.49,54,2617,21,15,18515.67
2025-08-09,Meta,Retargeting,17956.1,218,4420,48,23,48493.36
2025-08-09,Google,Performance Max,8621.39,38,1566,24,12,23765.12
2025-08-09,Organic,Direct,0.0,198,5641,80,48,122848.47
2025-08-09,Organic,Email CRM,0.0,244,4467,38,21,50652.65
2025-08-09,Influencer,Celebrity Drop,9092.15,31,1983,34,20,34555.93
2025-08-09,Affiliate,Fashion Blogs,9750.88,51,1363,9,6,9290.8
2025-08-10,Meta,Lookalike,5249.8,96,2697,37,26,44247.95
2025-08-10,Google,Shopping Ads,4600.53,82,1733,33,18,38464.38
2025-08-10,Organic,Direct,0.0,41,1409,18,12,21170.13
2025-08-10,Influencer,Creator B,6521.02,130,4127,68,33,55197.8
2025-08-10,Affiliate,Coupon Partners,13878.12,36,1654,23,13,24904.79
2025-08-11,Meta,Festive Fashion,14245.26,115,2571,42,18,49454.94
2025-08-11,Google,Generic Search,6850.63,206,4434,65,37,68192.61
2025-08-11,Organic,Direct,0.0,97,4741,71,42,87721.89
2025-08-11,Influencer,Creator B,2388.64,39,1284,12,8,13583.95
2025-08-11,Influencer,Micro Influencer Push,2411.04,143,2822,44,27,48418.53
2025-08-11,Affiliate,Fashion Blogs,6049.41,44,2941,27,14,28470.78
2025-08-12,Meta,Catalog Ads,7195.34,83,3079,58,24,68766.33
2025-08-12,Google,Performance Max,9515.43,19,502,5,2,5754.26
2025-08-12,Organic,Instagram Organic,0.0,41,1447,13,10,18957.6
2025-08-12,Influencer,,6873.33,101,3903,67,47,73587.38
2025-08-12,Affiliate,Fashion Blogs,7536.23,46,1389,13,7,14263.54
2025-08-13,Meta,Festive Fashion,3035.47,36,1628,18,9,18665.01
2025-08-13,Google,Remarketing,10689.93,62,1722,27,15,27270.5
2025-08-13,Organic,SEO Content,0.0,50,1159,10,6,15375.5
2025-08-13,Organic,Instagram Organic,0.0,57,1488,12,7,18336.29
2025-08-13,Influencer,Micro Influencer Push,2427.15,34,1822,23,10,23493.94
2025-08-13,Affiliate,,6278.93,194,3984,37,20,31884.29
2025-08-14,Meta,Flash Sale,9416.66,9,406,4,2,4458.65
2025-08-14,Google,Remarketing,5180.98,71,1561,10,5,10900.71
2025-08-14,Organic,SEO Content,0.0,95,3245,35,17,50464.43
2025-08-14,Influencer,Festive Creators,5550.78,125,2702,28,17,26955.92
2025-08-14,Influencer,Micro Influencer Push,8237.88,33,1427,9,5,8230.72
2025-08-14,Affiliate,Deal Week,2674.48,82,3647,52,26,63906.34
2025-08-14,Affiliate,Fashion Blogs,11916.22,98,2798,40,23,47369.92
2025-08-15,Meta,Festive Fashion,3506.88,59,3613,25,14,26318.05
2025-08-15,Meta,Retargeting,7434.33,72,3003,31,20,30461.88
2025-08-15,Google,,1827.81,97,2197,38,27,42940.16
2025-08-15,Organic,WhatsApp Community,0.0,197,4059,55,26,65580.85
2025-08-15,Influencer,Festive Creators,10031.81,43,2352,27,18,33347.57
2025-08-15,Affiliate,Cashback Partners,3611.4,216,4294,52,33,43174.8
2025-08-16,Meta,Catalog Ads,12419.12,210,4478,39,25,32023.81
2025-08-16,Meta,Diwali Sale,4451.09,140,2814,47,25,49634.19
2025-08-16,Google,Diwali Search,8864.51,136,3165,57,30,51039.15
2025-08-16,Organic,WhatsApp Community,0.0,125,2977,53,23,61408.15
2025-08-16,Organic,Direct,0.0,55,1522,14,10,21574.99
2025-08-16,Influencer,Creator B,8282.69,130,3153,32,19,27736.67
2025-08-16,Affiliate,Deal Week,15208.65,212,4100,33,18,32992.36
2025-08-17,Meta,New Collection,5163.82,28,1494,15,9,16632.46
2025-08-17,Google,Shopping Ads,1053.99,100,3629,38,16,44561.4
2025-08-17,Organic,Instagram Organic,0.0,34,1915,28,13,39891.27
2025-08-17,Organic,Email CRM,0.0,277,5247,45,27,69361.02
2025-08-17,Influencer,Micro Influencer Push,8383.65,36,1101,20,12,21272.07
2025-08-17,Influencer,Creator B,6128.08,114,2704,20,13,20117.67
2025-08-17,Affiliate,Fashion Blogs,9394.5,83,1709,11,7,12599.8
2025-08-18,Meta,Lookalike,4881.08,45,817,14,9,14704.42
2025-08-18,Google,Performance Max,6728.54,46,2151,33,22,30653.74
2025-08-18,Google,Generic Search,6809.19,145,3076,33,15,37545.02
2025-08-18,Organic,Direct,0.0,293,5809,80,50,98511.54
2025-08-18,Influencer,Celebrity Drop,5252.3,73,4316,39,25,34480.29
2025-08-18,Affiliate,Fashion Blogs,8550.5,162,3596,30,15,31608.34
2025-08-19,Meta,Diwali Sale,5128.89,73,2502,31,15,37912.71
2025-08-19,Meta,Retargeting,10817.73,173,4232,45,22,50230.74
2025-08-19,Google,Remarketing,1284.42,77,2175,31,15,29060.08
2025-08-19,Organic,Email CRM,0.0,120,4746,42,24,56855.89
2025-08-19,Influencer,Creator A,4959.49,11,546,8,4,7442.41
2025-08-19,Affiliate,Deal Week,5443.42,84,4245,68,42,71036.16
2025-08-20,Meta,Festive Fashion,4263.81,83,4335,36,16,37352.66
2025-08-20,Google,Performance Max,9754.11,139,3430,23,10,21040.81
2025-08-20,Organic,WhatsApp Community,0.0,41,1427,17,9,27362.94
2025-08-20,Influencer,Micro Influencer Push,9226.68,38,1603,26,12,31727.58
2025-08-20,Influencer,Creator B,2316.55,24,568,8,6,7329.82
2025-08-20,Affiliate,Coupon Partners,12724.97,26,610,9,5,10424.08
2025-08-20,Affiliate,Deal Week,8846.87,51,1408,16,8,17591.48
2025-08-21,Meta,Festive Fashion,4336.77,144,2745,25,12,26005.67
2025-08-21,Google,Generic Search,5957.14,20,668,9,5,7798.58
2025-08-21,Organic,SEO Content,0.0,246,5081,44,27,54375.16
2025-08-21,Influencer,Creator A,15520.35,41,2265,35,23,30965.87
2025-08-21,Affiliate,Cashback Partners,9172.46,66,1481,13,7,13832.54
2025-08-21,Affiliate,Deal Week,5797.56,137,2515,25,15,30850.25
2025-08-22,Meta,Retargeting,3928.87,178,3639,46,26,54819.99
2025-08-22,Meta,,4710.41,64,1681,21,14,17160.18
2025-08-22,Google,,1020.21,24,594,8,5,7411.18
2025-08-22,Organic,Direct,0.0,129,4429,52,27,61399.7
2025-08-22,Organic,SEO Content,0.0,151,3582,65,41,95987.69
2025-08-22,Influencer,Creator A,4340.62,39,857,15,10,13644.57
2025-08-22,Affiliate,Fashion Blogs,19986.45,165,3005,53,30,47411.64
2025-08-22,Affiliate,Deal Week,10903.31,69,1976,28,20,30212.7
2025-08-23,Meta,Always On,4628.19,63,3587,51,35,53579.78
2025-08-23,Google,Performance Max,10824.09,25,648,9,5,8148.13
2025-08-23,Google,Remarketing,1811.94,81,4080,48,31,52837.63
2025-08-23,Organic,Direct,0.0,40,1630,17,10,24603.56
2025-08-23,Influencer,Celebrity Drop,6538.96,63,2242,31,18,25251.51
2025-08-23,Affiliate,Deal Week,1335.19,55,1248,8,5,6738.27
2025-08-23,Affiliate,Coupon Partners,5412.86,98,4406,27,19,26094.65
2025-08-24,Meta,Diwali Sale,3966.09,35,1638,28,17,34572.38
2025-08-24,Meta,New Collection,5322.44,41,2411,16,10,16746.46
2025-08-24,Google,Remarketing,13656.58,101,2015,26,12,29584.74
2025-08-24,Google,Performance Max,4401.1,57,1345,19,11,18000.58
2025-08-24,Organic,SEO Content,0.0,99,5983,52,36,84552.79
2025-08-24,Influencer,Celebrity Drop,7183.29,16,1021,18,12,22155.19
2025-08-24,Affiliate,Fashion Blogs,5579.31,15,406,4,2,3853.38
2025-08-25,Meta,Catalog Ads,13100.79,42,1588,28,19,34868.37
2025-08-25,Meta,Flash Sale,2623.36,33,859,14,9,15214.28
2025-08-25,Google,Shopping Ads,5603.27,68,2100,19,11,21568.37
2025-08-25,Organic,Email CRM,0.0,164,3157,25,11,40080.86
2025-08-25,Organic,,0.0,30,1125,12,7,18296.58
2025-08-25,Influencer,Celebrity Drop,7784.7,17,405,5,2,5153.6
2025-08-25,Affiliate,Deal Week,7949.58,15,855,8,4,9812.35
2025-08-26,Meta,Always On,10151.55,132,2483,47,29,56578.68
2025-08-26,Google,Diwali Search,8818.1,83,1526,14,10,13726.32
2025-08-26,Organic,Direct,0.0,88,1970,33,18,38266.09
2025-08-26,Influencer,Micro Influencer Push,2313.57,17,519,4,3,4780.27
2025-08-26,Affiliate,Coupon Partners,7836.17,42,1765,33,23,35165.44
2025-08-27,Meta,Catalog Ads,1780.78,99,2081,19,8,16000.91
2025-08-27,Google,Shopping Ads,4257.45,96,2168,25,13,21918.57
2025-08-27,Google,Performance Max,5089.35,63,2659,36,23,30234.52
2025-08-27,Organic,Direct,0.0,97,2946,23,15,31974.45
2025-08-27,Organic,WhatsApp Community,0.0,41,1217,20,11,31961.02
2025-08-27,Influencer,Festive Creators,3851.3,185,3848,37,23,33275.26
2025-08-27,Affiliate,Cashback Partners,9055.76,109,2571,34,21,37732.94
2025-08-28,Meta,Flash Sale,5021.52,60,1467,20,13,21718.15
2025-08-28,Google,Diwali Search,2676.07,55,1338,19,12,20587.27
2025-08-28,Organic,Direct,0.0,66,2552,17,8,23236.03
2025-08-28,Influencer,Celebrity Drop,5878.01,85,2849,24,11,25458.4
2025-08-28,Affiliate,Fashion Blogs,4629.26,23,1394,12,6,12972.91
2025-08-29,Meta,Diwali Sale,2131.52,193,4148,41,29,43330.25
2025-08-29,Meta,Flash Sale,7741.36,77,2367,19,13,16870.06
2025-08-29,Google,Shopping Ads,8491.27,128,3939,71,47,79800.62
2025-08-29,Organic,Email CRM,0.0,82,3288,42,19,68505.06
2025-08-29,Influencer,Creator A,4525.43,41,1766,25,15,26649.45
2025-08-29,Affiliate,Coupon Partners,7185.99,51,1335,14,7,13969.99
2025-08-29,Affiliate,Fashion Blogs,11813.52,84,3450,33,18,30231.0
2025-08-30,Meta,Lookalike,9919.99,31,1756,22,11,25542.62
2025-08-30,Google,Performance Max,14215.89,65,1412,14,10,12367.36
2025-08-30,Organic,Email CRM,0.0,172,5738,60,28,88574.64
2025-08-30,Influencer,Creator B,7286.37,72,2378,29,18,34653.84
2025-08-30,Affiliate,Fashion Blogs,10557.58,19,599,8,6,7716.69
2025-08-31,Meta,Diwali Sale,1599.76,116,2428,46,29,43249.83
2025-08-31,Meta,Flash Sale,9566.64,64,2289,21,9,18196.44
2025-08-31,Google,Brand Search,5870.08,179,3942,49,34,59237.32
2025-08-31,Organic,Direct,0.0,70,1340,11,7,13252.01
2025-08-31,Influencer,Micro Influencer Push,9262.52,49,1184,13,7,10660.3
2025-08-31,Influencer,Creator A,3770.54,33,1016,16,10,16491.47
2025-08-31,Affiliate,Deal Week,7804.58,129,2874,24,17,20250.52
2025-09-01,Meta,New Collection,12067.42,20,594,8,5,8466.45
2025-09-01,Google,Diwali Search,2165.73,54,1707,20,12,20596.42
2025-09-01,Organic,WhatsApp Community,0.0,138,3841,26,14,36520.54
2025-09-01,Influencer,Creator A,5521.48,13,484,9,4,10482.78
2025-09-01,Influencer,Celebrity Drop,2655.35,80,4167,48,31,44226.26
2025-09-01,Affiliate,Deal Week,8370.52,24,768,13,6,13573.56
2025-09-02,Meta,Catalog Ads,4059.79,9,437,5,3,5435.06
2025-09-02,Google,Remarketing,5674.52,133,4224,77,42,94643.71
2025-09-02,Organic,Instagram Organic,0.0,208,5570,55,28,82379.47
2025-09-02,Organic,Direct,0.0,262,5011,57,31,67413.02
2025-09-02,Influencer,Creator A,7329.56,9,528,9,5,8658.6
2025-09-02,Affiliate,Fashion Blogs,14006.45,41,1029,11,6,13013.36
2025-09-02,Affiliate,Coupon Partners,10739.92,28,853,9,4,8187.6
2025-09-03,Meta,Flash Sale,3904.32,52,3295,63,43,70377.43
2025-09-03,Google,,2831.22,73,2942,39,28,32955.34
2025-09-03,Organic,Email CRM,0.0,111,5617,84,47,111075.28
2025-09-03,Influencer,Creator B,6556.33,33,1390,20,11,24509.2
2025-09-03,Affiliate,,7151.15,20,764,13,6,13006.17
2025-09-04,Meta,Flash Sale,7606.33,85,2733,47,21,48711.0
2025-09-04,Meta,New Collection,4658.41,49,1345,18,10,19239.64
2025-09-04,Google,Shopping Ads,2660.9,42,2819,28,19,25955.25
2025-09-04,Organic,Instagram Organic,0.0,38,1768,11,7,16593.95
2025-09-04,Influencer,Creator B,9329.66,73,3882,55,29,61224.96
2025-09-04,Affiliate,Deal Week,13684.54,90,2425,41,29,42513.15
2025-09-05,Meta,Flash Sale,6114.56,12,419,5,3,4355.03
2025-09-05,Meta,Always On,10117.63,57,1550,13,7,15732.36
2025-09-05,Google,Remarketing,5545.62,93,3898,38,21,32551.95
2025-09-05,Organic,WhatsApp Community,0.0,80,4986,63,31,77397.75
2025-09-05,Influencer,Creator B,5700.36,155,2938,50,34,42568.68
2025-09-05,Influencer,Festive Creators,8663.17,44,2277,19,10,16535.4
2025-09-05,Affiliate,Coupon Partners,6037.66,21,1067,15,10,12226.18
2025-09-05,Affiliate,Deal Week,6623.52,85,4076,65,35,62777.46
2025-09-06,Meta,Lookalike,3517.55,194,3569,65,45,70671.26
2025-09-06,Meta,Always On,6598.1,178,4480,34,21,35202.0
2025-09-06,Google,Shopping Ads,3811.83,154,3907,71,40,78285.97
2025-09-06,Google,Remarketing,9328.93,87,1593,22,10,24262.26
2025-09-06,Organic,WhatsApp Community,0.0,109,5891,94,65,124471.98
2025-09-06,Organic,Instagram Organic,0.0,138,2562,17,10,25414.24
2025-09-06,Influencer,Creator A,3776.59,97,4167,53,27,57292.8
2025-09-06,Affiliate,Coupon Partners,4027.83,107,2683,38,26,41543.42
2025-09-07,Meta,Catalog Ads,4568.76,72,2263,23,10,24168.66
2025-09-07,Google,Brand Search,9589.84,133,4369,51,26,46619.2
2025-09-07,Organic,SEO Content,0.0,180,3443,46,27,70737.44
2025-09-07,Influencer,Festive Creators,4979.06,87,4128,55,29,46162.91
2025-09-07,Affiliate,Fashion Blogs,4832.62,244,4437,29,17,31437.55
2025-09-08,Meta,Catalog Ads,6060.69,22,725,9,4,7730.91
2025-09-08,Google,Shopping Ads,4934.47,77,1882,17,8,18594.36
2025-09-08,Organic,SEO Content,0.0,194,3607,65,28,91601.63
2025-09-08,Organic,Instagram Organic,0.0,59,3417,64,30,104219.44
2025-09-08,Influencer,Creator A,7420.68,52,1008,10,7,8289.96
2025-09-08,Affiliate,Fashion Blogs,12502.46,64,1705,14,9,14701.39
2025-09-09,Meta,Lookalike,5841.13,114,2647,24,14,20873.92
2025-09-09,Google,Shopping Ads,13105.71,77,3676,45,24,49773.03
2025-09-09,Organic,Direct,0.0,86,2377,42,26,67731.95
2025-09-09,Organic,SEO Content,0.0,245,5851,73,34,101230.45
2025-09-09,Influencer,Creator A,5001.2,54,1615,11,6,12315.41
2025-09-09,Affiliate,Fashion Blogs,2445.57,27,1287,9,5,7505.84
2025-09-09,Affiliate,Coupon Partners,19340.34,62,2513,23,13,20809.65
2025-09-10,Meta,New Collection,6623.1,103,2097,36,23,42071.58
2025-09-10,Google,Remarketing,3643.57,49,3006,43,30,49967.69
2025-09-10,Organic,SEO Content,0.0,251,5778,77,52,94720.56
2025-09-10,Influencer,Creator B,8839.56,208,3775,39,19,37027.51
2025-09-10,Influencer,Celebrity Drop,10778.23,11,720,13,6,13496.76
2025-09-10,Affiliate,Fashion Blogs,11418.16,84,3933,41,19,46988.52
2025-09-11,Meta,Catalog Ads,9415.68,22,522,9,6,7796.49
2025-09-11,Meta,Always On,9973.91,59,3417,61,42,68596.77
2025-09-11,Google,Shopping Ads,10745.23,70,1820,23,16,19524.94
2025-09-11,Organic,SEO Content,0.0,120,2841,50,26,76823.29
2025-09-11,Influencer,Creator A,2773.67,18,478,5,3,5431.25
2025-09-11,Affiliate,Coupon Partners,5647.05,97,3278,48,28,49100.99
2025-09-12,Meta,Catalog Ads,3983.14,46,1078,8,5,8153.33
2025-09-12,Google,Shopping Ads,6416.74,120,3102,38,22,33659.92
2025-09-12,Organic,WhatsApp Community,0.0,117,5006,44,21,55949.07
2025-09-12,Influencer,Festive Creators,4910.38,145,3865,27,12,30394.94
2025-09-12,Influencer,Celebrity Drop,16653.37,166,3303,20,14,20877.64
2025-09-12,Affiliate,Deal Week,3499.15,68,1636,17,9,17659.01
2025-09-13,Meta,Diwali Sale,4812.14,116,3428,47,25,41918.9
2025-09-13,Google,,13741.76,105,3786,45,24,49930.92
2025-09-13,Google,Performance Max,6082.45,31,1700,17,9,16633.01
2025-09-13,Organic,Instagram Organic,0.0,73,2927,56,39,87999.0
2025-09-13,Influencer,Festive Creators,5635.95,63,4049,74,33,90353.75
2025-09-13,Affiliate,Fashion Blogs,3137.94,55,1006,8,4,8230.96
2025-09-14,Meta,Festive Fashion,8742.22,68,2834,33,22,34260.85
2025-09-14,Meta,Retargeting,5726.05,65,1368,20,12,24750.44
2025-09-14,Google,Remarketing,3688.51,20,916,14,7,13540.02
2025-09-14,Organic,,0.0,130,4953,54,23,77952.9
2025-09-14,Organic,WhatsApp Community,0.0,123,3882,61,30,82169.84
2025-09-14,Influencer,Festive Creators,9862.55,88,3147,24,12,26025.56
2025-09-14,Influencer,Creator A,6821.72,152,3241,34,14,30909.88
2025-09-14,Affiliate,Fashion Blogs,7374.03,34,646,10,5,8288.04
2025-09-14,Affiliate,Deal Week,6445.78,55,1109,16,10,15976.42
2025-09-15,Meta,Catalog Ads,3861.82,77,3656,62,42,50252.3
2025-09-15,Google,Generic Search,4311.28,114,2479,17,12,14233.53
2025-09-15,Organic,Instagram Organic,0.0,69,3297,28,15,39989.37
2025-09-15,Influencer,Micro Influencer Push,1808.87,230,4466,30,15,33737.18
2025-09-15,Affiliate,Coupon Partners,4385.0,53,1486,13,9,11438.57
2025-09-16,Meta,New Collection,3126.51,12,416,3,2,3384.31
2025-09-16,Meta,Festive Fashion,7982.03,89,4189,53,31,64851.26
2025-09-16,Google,Brand Search,12062.07,7,467,6,3,6796.78
2025-09-16,Google,Shopping Ads,5411.3,66,2668,39,20,44891.33
2025-09-16,Organic,SEO Content,0.0,80,1553,17,10,24078.87
2025-09-16,Influencer,Creator A,8247.3,130,2769,17,10,15382.58
2025-09-16,Affiliate,Coupon Partners,13457.58,150,2797,42,18,40518.21
2025-09-17,Meta,Retargeting,8480.08,38,1991,14,10,17127.7
2025-09-17,Google,Generic Search,4030.11,36,920,16,10,17548.15
2025-09-17,Organic,Direct,0.0,107,4238,27,16,43533.89
2025-09-17,Influencer,Creator B,12809.99,150,4078,53,26,65293.28
2025-09-17,Influencer,Festive Creators,3672.7,22,773,14,9,12709.25
2025-09-17,Affiliate,Deal Week,2085.47,106,4009,54,35,51164.08
2025-09-18,Meta,Retargeting,8681.85,80,2101,29,13,31596.8
2025-09-18,Google,Brand Search,6761.51,58,2598,39,23,31853.57
2025-09-18,Organic,Direct,0.0,86,2537,20,12,25143.63
2025-09-18,Influencer,Creator B,13297.88,121,2949,44,29,51110.39
2025-09-18,Affiliate,Cashback Partners,8042.38,23,1147,20,10,21488.77
2025-09-19,Meta,Always On,7080.39,79,1520,29,20,27141.76
2025-09-19,Google,Diwali Search,9037.34,118,3358,40,22,44976.45
2025-09-19,Organic,Email CRM,0.0,96,2005,21,10,33895.66
2025-09-19,Influencer,Festive Creators,5623.53,92,2233,36,16,43180.14
2025-09-19,Affiliate,Coupon Partners,10987.16,123,2837,37,18,31465.46
2025-09-20,Meta,Festive Fashion,10965.84,41,941,9,5,10671.25
2025-09-20,Google,Remarketing,15787.82,80,1608,13,8,13323.93
2025-09-20,Google,Diwali Search,4559.79,71,1808,15,10,14917.64
2025-09-20,Organic,Email CRM,0.0,49,1885,23,11,26810.42
2025-09-20,Influencer,Festive Creators,8425.37,84,4404,36,26,32186.61
2025-09-20,Affiliate,Cashback Partners,11578.58,150,3828,24,11,24174.64
2025-09-21,Meta,Catalog Ads,8407.51,21,1178,8,5,9437.12
2025-09-21,Meta,Lookalike,12408.19,12,474,9,6,10423.8
2025-09-21,Google,Generic Search,11683.49,11,612,5,3,4388.68
2025-09-21,Organic,SEO Content,0.0,218,5907,41,25,62918.67
2025-09-21,Influencer,Celebrity Drop,7064.22,22,1040,13,8,15376.0
2025-09-21,Affiliate,Cashback Partners,10366.28,53,1348,13,6,15164.12
2025-09-22,Meta,Lookalike,7079.17,181,3874,72,30,71509.26
2025-09-22,Meta,Catalog Ads,4909.97,191,3982,71,39,58730.76
2025-09-22,Google,Shopping Ads,10298.83,105,3840,43,19,52264.36
2025-09-22,Organic,SEO Content,0.0,53,1426,17,9,27367.18
2025-09-22,Influencer,Creator A,4009.25,110,2940,32,16,30872.23
2025-09-22,Influencer,Micro Influencer Push,4043.05,98,2904,19,13,21659.62
2025-09-22,Affiliate,Deal Week,1870.78,48,1159,12,8,11065.3
2025-09-22,Affiliate,Coupon Partners,2597.82,62,2669,21,14,24634.2
2025-09-23,Meta,Catalog Ads,9444.66,138,2553,19,12,15950.24
2025-09-23,Google,Performance Max,7663.21,38,2024,27,13,30556.24
2025-09-23,Organic,Instagram Organic,0.0,239,4972,36,16,48492.94
2025-09-23,Influencer,Festive Creators,16930.99,123,3178,24,15,29852.45
2025-09-23,Affiliate,Coupon Partners,3376.28,64,2583,32,20,38790.78
2025-09-24,Meta,Lookalike,9810.13,151,3375,40,21,47555.66
2025-09-24,Google,Diwali Search,4441.16,65,3528,28,16,26002.55
2025-09-24,Organic,SEO Content,0.0,244,5317,32,18,37969.07
2025-09-24,Organic,Instagram Organic,0.0,41,1058,9,5,13971.0
2025-09-24,Influencer,Micro Influencer Push,7442.8,68,3509,32,17,33311.78
2025-09-24,Influencer,Festive Creators,4800.88,61,3342,55,30,54055.54
2025-09-24,Affiliate,Coupon Partners,6448.14,200,4432,80,48,68327.2
2025-09-24,Affiliate,Cashback Partners,6651.7,27,1014,12,8,12788.75
2025-09-25,Meta,New Collection,3867.81,107,2119,24,14,26737.28
2025-09-25,Meta,Retargeting,6372.52,191,4189,64,41,62954.99
2025-09-25,Google,,5309.52,108,2509,36,24,35444.36
2025-09-25,Organic,WhatsApp Community,0.0,102,3905,33,15,51857.27
2025-09-25,Influencer,Celebrity Drop,7629.58,20,451,4,2,3273.06
2025-09-25,Affiliate,Coupon Partners,3909.68,29,544,7,4,8590.32
2025-09-25,Affiliate,Fashion Blogs,7894.88,68,3663,49,29,45742.0
2025-09-26,Meta,Retargeting,3598.68,52,1869,15,7,13019.91
2025-09-26,Google,Diwali Search,8526.7,62,2532,25,18,20211.56
2025-09-26,Organic,WhatsApp Community,0.0,118,3844,39,27,51407.02
2025-09-26,Influencer,Micro Influencer Push,8310.35,93,2072,20,8,23711.4
2025-09-26,Influencer,,6640.29,144,4251,51,25,43245.55
2025-09-26,Affiliate,Fashion Blogs,5098.02,30,785,12,6,10475.81
2025-09-27,Meta,Diwali Sale,3931.64,98,3566,45,30,45133.89
2025-09-27,Meta,Retargeting,10345.42,84,4047,35,21,31069.38
2025-09-27,Google,Shopping Ads,6486.2,79,3095,23,11,25979.94
2025-09-27,Google,Performance Max,4200.69,100,2019,34,23,28273.28
2025-09-27,Organic,SEO Content,0.0,107,2729,34,18,47916.09
2025-09-27,Organic,Direct,0.0,130,4300,30,17,46642.04
2025-09-27,Influencer,Creator A,8528.85,108,2322,22,12,22230.32
2025-09-27,Affiliate,Coupon Partners,5401.3,18,1012,17,10,16877.59
2025-09-28,Meta,,4083.6,47,1874,30,17,26201.63
2025-09-28,Google,Remarketing,13045.02,105,4342,76,38,68620.32
2025-09-28,Organic,Instagram Organic,0.0,162,2984,42,23,52332.9
2025-09-28,Influencer,,7164.45,49,1131,13,9,11137.57
2025-09-28,Affiliate,Fashion Blogs,8345.85,127,3196,37,21,45731.77
2025-09-28,Affiliate,Cashback Partners,3171.86,19,1218,11,8,10219.67
2025-09-29,Meta,Retargeting,4359.43,93,4171,61,36,57403.26
2025-09-29,Google,Brand Search,13227.27,158,3921,54,35,46544.4
2025-09-29,Google,Remarketing,7928.92,134,4432,36,18,40970.42
2025-09-29,Organic,Direct,0.0,163,3142,55,36,80546.83
2025-09-29,Organic,Instagram Organic,0.0,141,3100,34,17,46420.72
2025-09-29,Influencer,Celebrity Drop,17393.43,42,1269,9,4,9678.55
2025-09-29,Affiliate,Deal Week,5874.61,81,1804,19,9,22108.36
2025-09-30,Meta,Diwali Sale,3021.14,126,2326,41,18,40334.75
2025-09-30,Meta,New Collection,11063.37,134,4007,72,51,85243.58
2025-09-30,Google,Generic Search,7060.27,139,3407,42,30,48599.4
2025-09-30,Organic,SEO Content,0.0,258,4983,92,60,113823.12
2025-09-30,Organic,Instagram Organic,0.0,103,4129,72,33,112731.85
2025-09-30,Influencer,Creator A,19314.28,154,3048,51,35,47041.96
2025-09-30,Affiliate,Deal Week,11141.92,37,1954,34,22,28694.73
2025-10-01,Meta,Catalog Ads,11287.15,86,2093,23,12,27096.08
2025-10-01,Google,Remarketing,12056.39,117,2519,40,23,32381.77
2025-10-01,Google,,3672.79,30,763,11,7,12397.83
2025-10-01,Organic,SEO Content,0.0,99,2833,44,19,57742.98
2025-10-01,Influencer,Creator A,20645.42,122,3076,26,15,26467.37
2025-10-01,Influencer,Festive Creators,31598.78,72,3397,53,34,51371.31
2025-10-01,Affiliate,Fashion Blogs,4699.83,61,2589,48,23,51475.76
2025-10-01,Affiliate,Coupon Partners,5073.92,93,3610,36,20,41754.43
2025-10-02,Meta,,11467.15,167,4293,81,47,73846.02
2025-10-02,Meta,Retargeting,18506.17,89,2736,30,19,27488.21
2025-10-02,Google,Remarketing,30153.49,55,2221,19,14,20387.06
2025-10-02,Organic,SEO Content,0.0,283,5626,42,29,67922.95
2025-10-02,Organic,,0.0,149,4990,81,49,116191.82
2025-10-02,Influencer,Creator A,8631.75,135,4106,55,33,53443.19
2025-10-02,Affiliate,Coupon Partners,19388.49,103,3267,33,20,41011.78
2025-10-03,Meta,Always On,16259.22,88,3948,55,32,48594.02
2025-10-03,Google,Generic Search,18461.93,174,3930,41,18,34435.46
2025-10-03,Organic,Direct,0.0,186,5657,67,42,94286.08
2025-10-03,Influencer,Creator A,10267.99,39,2461,43,27,35118.9
2025-10-03,Affiliate,Cashback Partners,16113.99,43,809,12,7,10624.55
2025-10-04,Meta,Festive Fashion,10090.19,20,413,7,5,7557.28
2025-10-04,Google,Brand Search,4559.71,54,1238,17,11,18632.22
2025-10-04,Google,Shopping Ads,7828.07,108,2167,41,22,42249.04
2025-10-04,Organic,Direct,0.0,237,4625,43,18,58551.08
2025-10-04,Influencer,Creator A,17264.28,65,2268,22,10,23306.41
2025-10-04,Affiliate,Fashion Blogs,11840.17,19,494,4,2,4355.69
2025-10-05,Meta,Retargeting,3717.29,50,1262,17,9,19708.28
2025-10-05,Meta,Lookalike,16457.84,113,4414,62,29,71584.74
2025-10-05,Google,Performance Max,6954.31,106,4450,69,33,75785.3
2025-10-05,Organic,WhatsApp Community,0.0,57,2896,30,15,40510.06
2025-10-05,Organic,Email CRM,0.0,200,4842,30,20,46769.49
2025-10-05,Influencer,Micro Influencer Push,4366.57,155,3349,48,31,41502.37
2025-10-05,Affiliate,Cashback Partners,14804.88,192,4218,80,43,98133.27
2025-10-05,Affiliate,Fashion Blogs,20510.01,112,4039,40,19,47924.62
2025-10-06,Meta,Flash Sale,5367.92,69,2977,25,12,23678.73
2025-10-06,Google,Brand Search,7975.8,67,2017,20,9,16298.47
2025-10-06,Google,Generic Search,15222.47,109,2969,34,19,36434.24
2025-10-06,Organic,Email CRM,0.0,133,2579,24,11,35730.01
2025-10-06,Influencer,Creator B,14220.32,91,1827,19,10,21576.52
2025-10-06,Affiliate,Cashback Partners,10906.6,150,2895,42,30,43541.25
2025-10-07,Meta,Diwali Sale,19777.29,134,2742,29,17,24350.7
2025-10-07,Google,Brand Search,13640.55,149,2782,31,21,28322.51
2025-10-07,Organic,Direct,0.0,77,2281,15,7,23052.68
2025-10-07,Influencer,Creator A,2448.38,35,2077,37,19,30436.94
2025-10-07,Affiliate,Coupon Partners,16925.1,8,441,5,4,5649.68
2025-10-08,Meta,Diwali Sale,3571.33,88,2867,30,16,28032.18
2025-10-08,Google,Brand Search,14577.96,70,2760,20,12,20101.17
2025-10-08,Organic,Direct,0.0,70,3200,46,33,62584.94
2025-10-08,Influencer,Micro Influencer Push,15688.38,131,2467,43,25,39388.03
2025-10-08,Affiliate,Deal Week,9538.25,53,2317,15,8,16390.38
2025-10-09,Meta,Retargeting,6000.57,36,677,6,3,6665.58
2025-10-09,Meta,Lookalike,41296.12,55,1206,10,4,8434.47
2025-10-09,Google,Generic Search,26330.72,73,1785,25,11,24261.28
2025-10-09,Google,Performance Max,7874.49,82,1946,35,15,39666.36
2025-10-09,Organic,Direct,0.0,165,5843,69,47,88369.58
2025-10-09,Influencer,Creator A,12030.54,82,2015,21,13,21955.32
2025-10-09,Affiliate,Coupon Partners,18111.02,80,3552,57,29,65433.96
2025-10-10,Meta,Flash Sale,11215.94,49,937,15,7,12800.65
2025-10-10,Meta,Retargeting,15409.97,48,1762,16,10,13728.36
2025-10-10,Google,Shopping Ads,12004.14,27,1067,9,6,9856.11
2025-10-10,Organic,Direct,0.0,165,3796,41,21,48930.74
2025-10-10,Influencer,Festive Creators,13693.28,132,3206,52,27,60536.67
2025-10-10,Influencer,Creator A,11092.33,20,591,9,6,7970.8
2025-10-10,Affiliate,Coupon Partners,10697.11,72,1791,26,18,26864.62
2025-10-10,Affiliate,Cashback Partners,5180.4,11,497,9,6,9869.33
2025-10-11,Meta,Flash Sale,30049.08,181,4315,42,21,37984.87
2025-10-11,Google,Remarketing,13253.97,87,3381,35,16,36166.32
2025-10-11,Organic,Direct,0.0,74,2856,19,10,29228.23
2025-10-11,Influencer,Creator A,11555.38,26,1212,21,11,18907.03
2025-10-11,Affiliate,Cashback Partners,23985.12,23,805,11,8,10682.88
2025-10-12,Meta,Lookalike,27784.74,66,2338,23,10,20726.81
2025-10-12,Google,Generic Search,6817.51,116,3489,24,15,28872.96
2025-10-12,Organic,SEO Content,0.0,74,3255,50,35,67881.91
2025-10-12,Influencer,Creator B,5156.38,91,4012,63,45,54128.07
2025-10-12,Influencer,Celebrity Drop,22676.07,66,1809,27,17,22180.66
2025-10-12,Affiliate,Coupon Partners,10884.43,31,1540,14,10,11561.39
2025-10-13,Meta,Festive Fashion,11919.48,100,2360,42,19,37391.87
2025-10-13,Meta,Always On,19472.38,65,1228,20,11,21469.12
2025-10-13,Google,Brand Search,12044.09,141,4400,64,27,52083.79
2025-10-13,Organic,SEO Content,0.0,122,2385,35,25,49161.41
2025-10-13,Organic,Instagram Organic,0.0,81,4259,76,52,105235.04
2025-10-13,Influencer,,17462.5,42,2540,46,20,45242.06
2025-10-13,Affiliate,Coupon Partners,14074.61,28,633,9,4,7446.66
2025-10-13,Affiliate,Fashion Blogs,12399.36,105,2320,27,14,28975.4
2025-10-14,Meta,Catalog Ads,43158.01,110,2264,25,12,27718.1
2025-10-14,Meta,Diwali Sale,8403.39,25,1463,25,17,28189.78
2025-10-14,Google,Remarketing,11948.79,43,924,14,7,12665.58
2025-10-14,Organic,WhatsApp Community,0.0,81,2687,19,13,25945.81
2025-10-14,Organic,Instagram Organic,0.0,101,3727,30,18,44758.49
2025-10-14,Influencer,Micro Influencer Push,11241.54,52,2374,42,23,34900.16
2025-10-14,Affiliate,Deal Week,11327.57,42,768,14,7,13997.73
2025-10-15,Meta,Catalog Ads,13209.64,76,4333,80,57,91488.28
2025-10-15,Google,Remarketing,17393.39,67,1403,16,10,15083.8
2025-10-15,Organic,Email CRM,0.0,113,2786,45,25,65446.52
2025-10-15,Influencer,Festive Creators,5498.04,140,3161,53,28,57391.73
2025-10-15,Affiliate,,23418.01,106,2431,25,17,20761.05
2025-10-16,Meta,Always On,11099.25,198,4022,32,21,39397.6
2025-10-16,Google,Generic Search,10066.49,19,853,16,11,14124.2
2025-10-16,Organic,Direct,0.0,38,2535,16,10,26176.43
2025-10-16,Influencer,Micro Influencer Push,17474.85,56,1434,20,14,16167.79
2025-10-16,Affiliate,,12983.21,28,955,14,7,13744.06
2025-10-17,Meta,Catalog Ads,14890.17,32,1608,24,15,28675.75
2025-10-17,Google,Performance Max,18628.19,38,1682,16,9,18663.5
2025-10-17,Google,Brand Search,6959.28,100,3535,55,33,66387.32
2025-10-17,Organic,WhatsApp Community,0.0,104,5848,52,37,63411.5
2025-10-17,Influencer,Creator A,15468.79,69,3994,67,48,67224.21
2025-10-17,Affiliate,Fashion Blogs,17223.43,184,3567,32,18,31222.34
2025-10-18,Meta,Lookalike,31272.29,113,4096,62,37,51240.37
2025-10-18,Meta,New Collection,11395.09,45,831,14,10,16883.05
2025-10-18,Google,Performance Max,4390.99,238,4436,38,27,38919.58
2025-10-18,Organic,Direct,0.0,55,2663,24,16,34482.23
2025-10-18,Organic,WhatsApp Community,0.0,55,1259,21,9,24814.02
2025-10-18,Influencer,Festive Creators,6796.81,72,1854,13,7,15017.73
2025-10-18,Affiliate,Deal Week,14845.29,184,4307,37,25,33475.41
2025-10-18,Affiliate,Cashback Partners,29641.71,53,2813,34,22,38017.66
2025-10-19,Meta,Flash Sale,33551.05,16,694,13,8,14541.13
2025-10-19,Meta,Catalog Ads,19274.75,38,2081,28,17,33027.86
2025-10-19,Google,Generic Search,8850.27,38,964,11,6,8908.54
2025-10-19,Organic,SEO Content,0.0,154,2830,53,29,82359.84
2025-10-19,Organic,,0.0,151,3613,44,29,64158.85
2025-10-19,Influencer,Festive Creators,24814.59,57,1311,16,8,18880.01
2025-10-19,Affiliate,Deal Week,16600.96,145,2666,31,19,38141.64
2025-10-20,Meta,,17122.22,90,2143,22,14,23487.01
2025-10-20,Google,Performance Max,12104.69,13,797,8,6,7194.53
2025-10-20,Organic,Direct,0.0,69,1382,21,11,28647.98
2025-10-20,Influencer,Celebrity Drop,15518.45,114,3867,26,17,28266.92
2025-10-20,Affiliate,Coupon Partners,9620.46,52,3446,51,23,45818.86
2025-10-21,Meta,Always On,12104.51,103,2928,25,12,26230.53
2025-10-21,Google,Generic Search,19751.48,108,2050,23,13,26980.96
2025-10-21,Organic,Instagram Organic,0.0,62,2458,20,9,31022.36
2025-10-21,Influencer,Micro Influencer Push,19676.43,88,2536,34,24,33063.28
2025-10-21,Affiliate,Cashback Partners,17649.54,24,1077,17,12,13972.96
2025-10-22,Meta,Lookalike,13241.57,13,735,8,4,7342.09
2025-10-22,Google,Generic Search,11269.45,26,1438,12,8,13356.22
2025-10-22,Organic,WhatsApp Community,0.0,77,1746,16,9,22040.02
2025-10-22,Influencer,Creator B,27062.27,52,1057,18,11,15761.65
2025-10-22,Influencer,Creator A,17336.55,17,837,8,6,6820.41
2025-10-22,Affiliate,Deal Week,17048.57,103,3892,63,37,53413.96
2025-10-23,Meta,Diwali Sale,16386.95,44,1937,20,9,21916.92
2025-10-23,Google,Remarketing,13201.93,45,2795,24,10,25809.51
2025-10-23,Google,Diwali Search,15239.57,95,2548,40,23,41360.95
2025-10-23,Organic,WhatsApp Community,0.0,148,3453,42,30,53083.51
2025-10-23,Influencer,Micro Influencer Push,6607.7,140,3433,22,13,19214.32
2025-10-23,Influencer,Creator A,4901.27,49,1613,30,16,30784.4
2025-10-23,Affiliate,Cashback Partners,4021.1,144,3876,31,13,25804.45
2025-10-24,Meta,,15878.77,36,1922,21,14,25475.42
2025-10-24,Google,Performance Max,40866.12,81,3824,42,22,34925.59
2025-10-24,Organic,Direct,0.0,240,4587,57,36,79016.27
2025-10-24,Influencer,Micro Influencer Push,12902.7,39,855,14,9,11288.21
2025-10-24,Influencer,Creator B,9719.9,183,3516,22,11,25337.2
2025-10-24,Affiliate,Cashback Partners,2945.76,27,523,10,4,8791.08
2025-10-25,Meta,Festive Fashion,10792.18,146,3566,52,28,63060.44
2025-10-25,Meta,Lookalike,14143.04,30,576,11,6,9079.23
2025-10-25,Google,Remarketing,16670.5,39,1247,21,13,24505.3
2025-10-25,Google,Generic Search,9774.06,44,2873,52,35,56926.93
2025-10-25,Organic,Direct,0.0,102,5839,81,39,96018.69
2025-10-25,Influencer,Micro Influencer Push,15385.13,40,2074,22,13,19691.01
2025-10-25,Affiliate,Coupon Partners,10843.67,17,894,11,5,10596.37
2025-10-26,Meta,New Collection,27379.63,39,1354,20,10,23405.35
2025-10-26,Google,Generic Search,18264.68,175,4074,47,31,55695.93
2025-10-26,Organic,Direct,0.0,134,2884,45,30,71951.87
2025-10-26,Influencer,Festive Creators,30217.03,31,811,6,4,5768.68
2025-10-26,Influencer,Creator B,8041.93,41,1978,33,16,30045.36
2025-10-26,Affiliate,Fashion Blogs,9547.78,67,1484,13,8,11179.62
2025-10-27,Meta,Catalog Ads,15064.12,33,1129,21,11,22895.65
2025-10-27,Google,Brand Search,36929.99,60,3870,31,22,29701.59
2025-10-27,Organic,SEO Content,0.0,139,5302,41,25,62134.65
2025-10-27,Influencer,Creator B,11153.46,32,1135,19,14,22549.13
2025-10-27,Affiliate,Coupon Partners,20729.26,80,3067,51,24,57887.91
2025-10-28,Meta,Festive Fashion,8426.56,99,2095,33,18,37826.04
2025-10-28,Meta,Retargeting,14172.83,30,652,12,8,9879.39
2025-10-28,Google,Diwali Search,9686.73,96,2244,22,12,26584.76
2025-10-28,Organic,,0.0,41,1994,34,21,52025.37
2025-10-28,Organic,Email CRM,0.0,231,4880,52,30,82536.83
2025-10-28,Influencer,Festive Creators,21117.83,168,4003,52,38,42156.56
2025-10-28,Affiliate,Coupon Partners,16790.82,75,3312,39,19,46828.02
2025-10-28,Affiliate,,15184.89,39,949,6,4,6271.07
2025-10-29,Meta,Retargeting,11866.61,134,3890,53,29,61948.46
2025-10-29,Meta,Flash Sale,15531.82,90,2754,44,25,48147.14
2025-10-29,Google,Performance Max,17560.44,78,3985,33,19,38158.76
2025-10-29,Organic,Direct,0.0,135,3769,69,34,106659.25
2025-10-29,Influencer,Creator B,7257.99,34,1791,23,17,27852.15
2025-10-29,Affiliate,Deal Week,9892.02,56,2592,22,15,19914.1
2025-10-30,Meta,Always On,6422.79,52,2576,37,27,33111.49
2025-10-30,Meta,Flash Sale,4079.54,178,3351,29,21,32460.5
2025-10-30,Google,Diwali Search,7575.73,37,1418,10,6,10264.94
2025-10-30,Organic,Direct,0.0,139,4766,71,40,96980.77
2025-10-30,Influencer,Micro Influencer Push,6631.6,39,1403,11,7,12293.26
2025-10-30,Affiliate,Cashback Partners,5236.54,82,1614,12,5,12560.8
2025-10-30,Affiliate,Coupon Partners,10425.58,40,1061,17,11,19590.27
2025-10-31,Meta,Festive Fashion,13200.95,28,549,4,2,3784.97
2025-10-31,Meta,Catalog Ads,11010.96,115,4254,71,44,84043.81
2025-10-31,Google,Brand Search,20134.45,14,704,12,6,10240.69
2025-10-31,Organic,WhatsApp Community,0.0,177,4753,38,20,45954.09
2025-10-31,Influencer,Micro Influencer Push,8527.68,12,412,5,2,5987.04
2025-10-31,Influencer,Creator B,9831.1,169,3587,26,14,23845.89
2025-10-31,Affiliate,Coupon Partners,20353.65,88,1746,25,14,23743.66
2025-11-01,Meta,Retargeting,5775.76,86,2522,17,8,15985.8
2025-11-01,Meta,Diwali Sale,15519.13,84,1557,29,12,30569.92
2025-11-01,Google,Diwali Search,2896.06,89,2411,21,11,20739.05
2025-11-01,Organic,Direct,0.0,93,3615,54,25,72180.85
2025-11-01,Organic,Instagram Organic,0.0,76,2212,17,11,27489.72
2025-11-01,Influencer,,16480.64,33,2012,18,7,16128.69
2025-11-01,Affiliate,Fashion Blogs,11586.21,123,2599,31,17,32266.8
2025-11-02,Meta,New Collection,4356.34,72,3784,51,21,54445.72
2025-11-02,Meta,Flash Sale,3789.06,60,2181,42,21,34606.59
2025-11-02,Google,Diwali Search,5298.41,71,1881,12,6,10177.57
2025-11-02,Organic,WhatsApp Community,0.0,60,3583,22,11,35740.0
2025-11-02,Influencer,Micro Influencer Push,12489.52,34,1874,20,10,21964.22
2025-11-02,Affiliate,Deal Week,13060.12,39,915,10,5,8208.07
2025-11-02,Affiliate,Coupon Partners,10175.93,21,1148,20,9,23104.59
2025-11-03,Meta,Always On,14942.09,147,4304,77,38,79282.03
2025-11-03,Meta,Flash Sale,7620.99,22,766,14,6,11747.57
2025-11-03,Google,Remarketing,18844.57,57,2376,19,11,21001.66
2025-11-03,Google,Brand Search,8189.27,86,3820,44,21,45126.22
2025-11-03,Organic,WhatsApp Community,0.0,233,5116,81,48,124248.77
2025-11-03,Influencer,Creator A,8554.33,53,1001,10,5,11919.42
2025-11-03,Affiliate,Coupon Partners,20097.05,22,1070,16,7,14946.53
2025-11-04,Meta,New Collection,11308.9,103,1927,18,8,16760.85
2025-11-04,Google,Diwali Search,18510.34,104,2673,28,11,25927.38
2025-11-04,Google,Performance Max,18456.62,176,4335,75,39,85760.35
2025-11-04,Organic,Direct,0.0,254,5850,54,32,67619.63
2025-11-04,Influencer,Creator A,14249.81,46,1074,20,11,24062.58
2025-11-04,Affiliate,Fashion Blogs,7131.74,69,1438,15,7,13603.22
2025-11-05,Meta,Retargeting,5707.11,137,3984,25,11,28794.62
2025-11-05,Google,Brand Search,23143.45,19,523,5,4,5289.98
2025-11-05,Google,Generic Search,12028.9,55,1958,16,6,15068.23
2025-11-05,Organic,Instagram Organic,0.0,108,5630,71,34,88552.97
2025-11-05,Influencer,Celebrity Drop,7979.36,43,1043,8,5,9328.88
2025-11-05,Influencer,Creator B,15640.95,68,4159,59,28,53810.33
2025-11-05,Affiliate,Cashback Partners,9594.78,11,406,7,3,7586.62
2025-11-05,Affiliate,Deal Week,6174.98,32,1718,19,8,19899.96
2025-11-06,Meta,Diwali Sale,24727.27,94,4153,34,19,27472.19
2025-11-06,Google,Brand Search,6245.93,117,2893,33,13,41026.44
2025-11-06,Google,Shopping Ads,11139.59,28,694,12,6,13968.96
2025-11-06,Organic,WhatsApp Community,0.0,58,1825,25,12,39747.14
2025-11-06,Influencer,Micro Influencer Push,17322.07,81,4380,32,15,35365.45
2025-11-06,Affiliate,Cashback Partners,12939.8,66,2041,27,11,27420.94
2025-11-07,Meta,Flash Sale,4733.32,75,2567,31,19,35135.91
2025-11-07,Google,Brand Search,10952.42,113,2580,27,13,23357.93
2025-11-07,Google,Diwali Search,10221.55,119,3107,23,13,23052.74
2025-11-07,Organic,Direct,0.0,137,3946,74,36,90350.89
2025-11-07,Influencer,Creator B,18677.93,132,3842,32,13,32260.57
2025-11-07,Influencer,Celebrity Drop,7480.64,239,4453,38,19,38156.01
2025-11-07,Affiliate,Coupon Partners,21027.16,45,984,8,4,6951.7
2025-11-08,Meta,Flash Sale,4542.13,131,3755,51,25,63004.14
2025-11-08,Google,Diwali Search,9657.74,128,3749,44,26,35765.86
2025-11-08,Google,Shopping Ads,12984.59,55,3440,32,19,25935.29
2025-11-08,Organic,Direct,0.0,76,1433,17,10,24515.17
2025-11-08,Influencer,Festive Creators,1111.27,64,2321,34,18,36679.4
2025-11-08,Influencer,Creator A,14589.22,97,3840,37,19,32746.34
2025-11-08,Affiliate,Fashion Blogs,8221.8,56,1026,19,11,19769.02
2025-11-09,Meta,New Collection,10024.48,166,3797,38,17,42705.37
2025-11-09,Google,Shopping Ads,16571.04,71,4174,36,21,30506.55
2025-11-09,Google,Generic Search,10136.0,56,3195,59,35,73092.95
2025-11-09,Organic,SEO Content,0.0,69,4311,72,32,96417.06
2025-11-09,Influencer,Celebrity Drop,6593.3,105,2692,28,18,30477.88
2025-11-09,Influencer,Creator A,7982.81,11,605,10,6,8547.29
2025-11-09,Affiliate,Deal Week,11390.65,221,4220,54,26,60371.15
2025-11-10,Meta,Lookalike,16626.39,95,1803,19,11,22335.77
2025-11-10,Meta,Retargeting,5503.76,23,634,11,4,9375.73
2025-11-10,Google,Shopping Ads,4511.56,145,3657,58,22,49960.43
2025-11-10,Organic,,0.0,159,5960,59,27,76759.32
2025-11-10,Influencer,Micro Influencer Push,6284.12,52,2953,41,21,33263.17
2025-11-10,Affiliate,Coupon Partners,7473.11,28,621,7,4,8677.06
2025-11-10,Affiliate,Deal Week,6441.67,66,3478,21,13,22451.87
2025-11-11,Meta,New Collection,14679.27,56,3013,56,25,60098.3
2025-11-11,Google,Performance Max,6213.84,100,3653,48,21,58928.14
2025-11-11,Google,Shopping Ads,17883.5,59,3792,53,28,62108.68
2025-11-11,Organic,SEO Content,0.0,38,1168,16,6,23819.06
2025-11-11,Organic,Direct,0.0,184,4248,56,32,91267.93
2025-11-11,Influencer,Festive Creators,11060.89,197,4187,41,19,39084.33
2025-11-11,Influencer,Creator B,9955.11,101,2577,48,30,44847.15
2025-11-11,Affiliate,Fashion Blogs,16305.06,107,2195,31,18,29712.84
2025-11-12,Meta,Festive Fashion,5772.56,49,1577,23,9,22275.7
2025-11-12,Google,Brand Search,7211.54,148,3019,36,14,31233.73
2025-11-12,Organic,WhatsApp Community,0.0,202,5722,56,22,86173.74
2025-11-12,Organic,Email CRM,0.0,125,5220,36,22,50150.93
2025-11-12,Influencer,Festive Creators,2876.58,141,2665,28,16,26377.62
2025-11-12,Influencer,Micro Influencer Push,9695.31,116,4472,37,19,32513.61
2025-11-12,Affiliate,Fashion Blogs,5090.15,25,1550,23,10,22315.15
2025-11-13,Meta,New Collection,7512.9,38,1551,27,17,27472.14
2025-11-13,Google,Remarketing,3052.07,119,4000,40,17,44917.08
2025-11-13,Organic,Direct,0.0,84,2901,30,17,41110.67
2025-11-13,Influencer,Celebrity Drop,6792.87,73,2029,30,18,26855.0
2025-11-13,Influencer,Festive Creators,4589.22,115,2278,18,8,14798.98
2025-11-13,Affiliate,Deal Week,7139.0,98,3671,67,34,62954.45
2025-11-14,Meta,Diwali Sale,4940.81,33,929,10,4,8751.36
2025-11-14,Google,Diwali Search,7100.58,62,2179,16,8,15681.01
2025-11-14,Organic,SEO Content,0.0,68,1430,12,8,19245.99
2025-11-14,Influencer,Festive Creators,3208.78,77,3629,66,37,58453.54
2025-11-14,Affiliate,Deal Week,7018.78,57,2992,28,17,26494.9
2025-11-14,Affiliate,Coupon Partners,5351.48,86,2436,36,19,40494.79
2025-11-15,Meta,Festive Fashion,2291.37,84,2011,16,7,16478.69
2025-11-15,Google,Diwali Search,16923.98,48,1028,9,5,7428.26
2025-11-15,Google,Remarketing,13930.5,161,4179,73,37,64031.1
2025-11-15,Organic,WhatsApp Community,0.0,258,5611,45,19,64757.41
2025-11-15,Influencer,Creator B,11291.22,52,1708,11,5,9365.48
2025-11-15,Affiliate,Fashion Blogs,7889.11,34,2097,26,14,28217.18
2025-11-16,Meta,New Collection,4875.15,66,3377,58,33,66955.53
2025-11-16,Google,Diwali Search,3880.99,55,3350,35,15,32296.35
2025-11-16,Organic,SEO Content,0.0,158,5598,43,26,60127.74
2025-11-16,Influencer,Micro Influencer Push,10581.09,57,1641,31,15,27303.12
2025-11-16,Affiliate,Cashback Partners,7284.92,91,3105,46,20,42837.2
2025-11-16,Affiliate,Deal Week,3305.96,116,3098,53,23,49986.73
2025-11-17,Meta,Flash Sale,5195.51,98,2858,45,26,55986.52
2025-11-17,Meta,Retargeting,10082.63,29,698,11,5,9904.28
2025-11-17,Google,Generic Search,9538.37,97,2338,26,13,22434.28
2025-11-17,Organic,Email CRM,0.0,107,3852,40,17,59656.72
2025-11-17,Influencer,Celebrity Drop,10931.89,124,4295,66,37,57898.12
2025-11-17,Affiliate,Cashback Partners,2333.8,98,2554,39,23,46512.81
2025-11-18,Meta,Lookalike,6779.55,70,1805,33,15,36037.02
2025-11-18,Google,Shopping Ads,8336.01,74,2678,36,23,38148.26
2025-11-18,Organic,Direct,0.0,166,5892,58,22,73577.46
2025-11-18,Influencer,Micro Influencer Push,9834.43,33,771,10,4,11252.44
2025-11-18,Affiliate,Deal Week,5144.92,130,3180,45,24,38458.96
2025-11-19,Meta,Diwali Sale,3158.71,91,4443,52,29,64764.84
2025-11-19,Google,Shopping Ads,7230.09,126,3868,63,27,76870.3
2025-11-19,Organic,,0.0,47,923,13,7,15364.28
2025-11-19,Influencer,Creator B,10455.39,9,565,4,2,4318.58
2025-11-19,Affiliate,Coupon Partners,12543.19,219,4450,60,31,62154.08
2025-11-20,Meta,Diwali Sale,5173.23,48,2243,32,18,33338.6
2025-11-20,Google,Shopping Ads,16665.31,56,1587,29,19,23565.87
2025-11-20,Organic,Email CRM,0.0,129,4044,46,23,72567.56
2025-11-20,Influencer,Festive Creators,7296.0,53,3460,47,26,50773.99
2025-11-20,Affiliate,Coupon Partners,2619.38,179,3473,43,22,47113.3
2025-11-20,Affiliate,Cashback Partners,3481.08,51,1538,20,10,19041.57
2025-11-21,Meta,Flash Sale,6237.1,237,4466,31,13,31410.9
2025-11-21,Google,Generic Search,7533.92,60,2256,40,26,43432.46
2025-11-21,Organic,Direct,0.0,54,1096,20,9,29072.62
2025-11-21,Influencer,Micro Influencer Push,4508.12,180,3478,46,26,56536.97
2025-11-21,Affiliate,Coupon Partners,8831.37,116,3105,41,17,45764.46
2025-11-22,Meta,Diwali Sale,3469.71,26,1106,8,4,6452.87
2025-11-22,Google,Performance Max,8494.07,70,1640,23,10,18774.54
2025-11-22,Organic,Direct,0.0,210,5672,66,42,81340.94
2025-11-22,Influencer,Celebrity Drop,4575.11,226,4284,65,36,64185.82
2025-11-22,Affiliate,Deal Week,4708.66,108,3329,22,9,25852.94
2025-11-23,Meta,New Collection,4546.77,49,1901,29,16,25581.42
2025-11-23,Google,,7664.42,70,3412,33,18,26800.24
2025-11-23,Google,Shopping Ads,5974.8,147,3427,50,23,48833.74
2025-11-23,Organic,Instagram Organic,0.0,236,4370,62,27,80539.49
2025-11-23,Organic,WhatsApp Community,0.0,90,5558,50,28,82248.34
2025-11-23,Influencer,Festive Creators,8497.26,181,4066,48,27,57338.85
2025-11-23,Affiliate,Deal Week,18702.89,141,2703,46,21,46868.43
2025-11-24,Meta,Festive Fashion,6163.74,18,1013,14,9,16287.81
2025-11-24,Google,Remarketing,2582.7,65,3351,23,11,19250.33
2025-11-24,Organic,Instagram Organic,0.0,161,3769,45,18,66024.53
2025-11-24,Organic,Direct,0.0,54,1324,14,7,20552.78
2025-11-24,Influencer,Festive Creators,4847.56,60,3372,49,19,48035.93
2025-11-24,Influencer,Creator B,8153.99,199,4119,58,26,71233.87
2025-11-24,Affiliate,Fashion Blogs,5611.54,63,1754,11,6,9933.84
2025-11-25,Meta,Catalog Ads,6379.13,109,2119,30,13,25574.78
2025-11-25,Google,Performance Max,6542.83,59,1176,19,8,19698.59
2025-11-25,Organic,Email CRM,0.0,49,1035,17,10,20163.39
2025-11-25,Organic,Instagram Organic,0.0,93,2611,18,9,29420.93
2025-11-25,Influencer,Creator A,7128.91,45,1803,18,11,20841.3
2025-11-25,Affiliate,Cashback Partners,4816.7,115,3255,38,20,33456.68
2025-11-26,Meta,Retargeting,7077.31,39,2073,18,9,20409.28
2025-11-26,Meta,Flash Sale,15412.5,95,2303,27,11,28375.75
2025-11-26,Google,Shopping Ads,7246.78,45,2204,16,9,14127.96
2025-11-26,Organic,Direct,0.0,166,4691,35,15,55873.7
2025-11-26,Influencer,Micro Influencer Push,6142.45,16,915,14,6,15678.06
2025-11-26,Influencer,Celebrity Drop,11715.75,102,3791,36,21,37176.02
2025-11-26,Affiliate,Fashion Blogs,13714.4,19,776,12,7,10862.15
2025-11-27,Meta,Always On,7498.86,69,1732,12,6,10370.57
2025-11-27,Google,Remarketing,5197.94,146,3136,42,16,51530.6
2025-11-27,Organic,Direct,0.0,29,1670,19,8,27053.93
2025-11-27,Influencer,Creator A,6895.18,151,3087,51,26,59253.99
2025-11-27,Affiliate,Coupon Partners,8044.41,168,3405,55,32,61186.48
2025-11-27,Affiliate,,8329.8,89,3117,34,17,39805.1
2025-11-28,Meta,Festive Fashion,10110.28,68,1650,24,9,21059.77
2025-11-28,Google,Diwali Search,5470.4,15,481,5,2,5122.7
2025-11-28,Google,Remarketing,8126.98,85,4038,55,29,60464.77
2025-11-28,Organic,SEO Content,0.0,190,5245,37,20,48273.69
2025-11-28,Organic,Instagram Organic,0.0,39,2121,25,10,37475.69
2025-11-28,Influencer,Celebrity Drop,2880.59,61,1211,10,4,10847.88
2025-11-28,Influencer,Micro Influencer Push,2321.32,55,1065,19,8,22571.76
2025-11-28,Affiliate,Fashion Blogs,2523.47,172,3590,43,17,47145.63
2025-11-29,Meta,Lookalike,10091.57,159,4252,58,30,47674.1
2025-11-29,Google,Performance Max,4735.27,147,3928,42,17,51773.94
2025-11-29,Organic,Direct,0.0,187,3431,34,19,53267.36
2025-11-29,Influencer,Creator B,4678.86,35,1411,12,7,10899.58
2025-11-29,Influencer,Micro Influencer Push,3050.68,75,4144,74,47,91368.28
2025-11-29,Affiliate,Fashion Blogs,4308.39,118,3138,52,33,59542.29
2025-11-30,Meta,Always On,2510.82,31,1105,9,4,10960.44
2025-11-30,Google,Diwali Search,7746.58,26,930,15,5,17410.36
2025-11-30,Organic,Email CRM,0.0,30,1935,22,11,33947.34
2025-11-30,Influencer,Creator B,10940.23,59,1528,10,5,9311.57
2025-11-30,Affiliate,Deal Week,3686.27,90,3540,46,18,43689.28
2025-12-01,Meta,Flash Sale,10689.35,22,968,8,2,9780.23
2025-12-01,Google,Generic Search,6803.33,26,1550,14,4,16582.09
2025-12-01,Google,Diwali Search,1538.59,46,1562,24,7,23138.49
2025-12-01,Organic,Email CRM,0.0,164,3275,31,12,50794.23
2025-12-01,Organic,Direct,0.0,91,3206,57,21,83700.38
2025-12-01,Influencer,Celebrity Drop,11885.85,175,4148,61,21,57915.63
2025-12-01,Affiliate,Cashback Partners,7474.11,187,4132,70,30,82911.71
2025-12-02,Meta,Catalog Ads,11230.81,97,3440,48,13,38912.1
2025-12-02,Meta,Lookalike,5092.56,59,1230,22,6,21950.84
2025-12-02,Google,Diwali Search,6672.1,185,4338,47,15,57367.31
2025-12-02,Organic,Email CRM,0.0,35,927,12,5,15727.35
2025-12-02,Influencer,Micro Influencer Push,6738.89,40,2638,34,12,34139.18
2025-12-02,Affiliate,Deal Week,5270.55,54,3275,58,16,54716.43
2025-12-03,Meta,Catalog Ads,6756.92,194,3553,29,13,24317.83
2025-12-03,Google,Brand Search,5101.25,199,4306,58,18,52475.36
2025-12-03,Organic,Email CRM,0.0,199,3795,60,19,83937.83
2025-12-03,Influencer,Celebrity Drop,2536.81,148,2901,32,11,27576.14
2025-12-03,Affiliate,Coupon Partners,6086.44,55,3456,60,25,52676.49
2025-12-04,Meta,Catalog Ads,6868.62,67,1445,16,6,15021.45
2025-12-04,Google,Performance Max,6987.36,55,1661,14,6,11352.5
2025-12-04,Organic,WhatsApp Community,0.0,229,4911,67,19,104396.63
2025-12-04,Organic,SEO Content,0.0,87,5675,65,24,83373.63
2025-12-04,Influencer,Festive Creators,9293.39,45,1714,11,4,10719.56
2025-12-04,Affiliate,Fashion Blogs,10718.3,151,3343,23,8,27433.14
2025-12-04,Affiliate,Cashback Partners,7597.64,206,4402,38,12,32410.32
2025-12-05,Meta,Flash Sale,1658.99,101,2529,41,18,41765.56
2025-12-05,Google,Shopping Ads,4307.98,55,2038,36,10,42388.9
2025-12-05,Organic,WhatsApp Community,0.0,71,2586,34,11,43033.94
2025-12-05,Organic,Instagram Organic,0.0,289,5390,40,16,60496.69
2025-12-05,Influencer,Creator A,13191.46,86,2632,34,15,38400.47
2025-12-05,Affiliate,Fashion Blogs,4264.13,16,495,9,4,9950.49
2025-12-06,Meta,Festive Fashion,6282.82,97,2610,41,17,39576.85
2025-12-06,Google,Shopping Ads,5523.89,64,2040,20,5,16528.07
2025-12-06,Google,Generic Search,10575.41,121,3273,25,11,20237.68
2025-12-06,Organic,Email CRM,0.0,174,5381,96,33,131732.52
2025-12-06,Organic,WhatsApp Community,0.0,286,5940,102,39,158945.09
2025-12-06,Influencer,Creator B,6566.97,149,2901,20,7,17332.43
2025-12-06,Affiliate,,7608.99,99,1886,32,13,33089.18
2025-12-07,Meta,Festive Fashion,4202.72,83,2220,16,6,19374.49
2025-12-07,Google,Performance Max,8490.48,37,1123,8,3,6478.22
2025-12-07,Organic,Email CRM,0.0,121,2802,45,13,54982.88
2025-12-07,Influencer,Micro Influencer Push,2777.58,188,3873,50,15,49470.43
2025-12-07,Affiliate,Cashback Partners,4749.76,146,3901,45,15,49646.1
2025-12-08,Meta,New Collection,3254.1,75,1745,31,8,31476.57
2025-12-08,Google,Performance Max,3824.51,77,1721,29,11,34819.38
2025-12-08,Organic,Email CRM,0.0,220,5239,36,11,47442.54
2025-12-08,Organic,WhatsApp Community,0.0,170,3781,53,19,68054.65
2025-12-08,Influencer,Creator A,5506.75,77,3289,53,15,50907.77
2025-12-08,Influencer,Celebrity Drop,2013.12,84,2408,32,9,30578.9
2025-12-08,Affiliate,Cashback Partners,5802.48,85,2215,42,15,42859.6
2025-12-09,Meta,New Collection,7899.3,45,2992,45,14,51913.66
2025-12-09,Google,Shopping Ads,8676.08,184,3733,28,8,26482.7
2025-12-09,Organic,,0.0,47,1197,11,3,16488.27
2025-12-09,Influencer,Creator A,705.35,75,3717,62,18,53967.57
2025-12-09,Affiliate,Deal Week,4387.15,67,1401,27,10,28419.64
2025-12-10,Meta,Always On,12019.02,90,2051,15,4,14564.42
2025-12-10,Google,Generic Search,7164.78,188,4141,30,10,31293.61
2025-12-10,Organic,Instagram Organic,0.0,70,2278,37,14,56597.59
2025-12-10,Organic,SEO Content,0.0,213,4327,30,10,41340.04
2025-12-10,Influencer,Creator B,7783.61,53,1695,12,4,14453.74
2025-12-10,Affiliate,Deal Week,3603.88,146,3857,68,21,79518.2
2025-12-10,Affiliate,Cashback Partners,8661.74,64,4237,70,31,83900.11
2025-12-11,Meta,Catalog Ads,1286.66,180,4410,77,25,67031.77
2025-12-11,Google,,11715.13,21,485,7,2,7192.62
2025-12-11,Organic,Instagram Organic,0.0,65,1719,18,7,25002.26
2025-12-11,Influencer,Celebrity Drop,10167.34,156,4486,80,31,95696.02
2025-12-11,Affiliate,Deal Week,2827.01,168,3535,35,13,31126.83
2025-12-12,Meta,Diwali Sale,5387.42,57,1356,13,5,11735.76
2025-12-12,Meta,Always On,11786.0,92,3526,62,16,68694.28
2025-12-12,Google,Generic Search,2334.12,44,831,13,5,10986.76
2025-12-12,Organic,WhatsApp Community,0.0,135,3117,55,21,66880.88
2025-12-12,Influencer,Festive Creators,7036.44,162,2967,24,8,22174.44
2025-12-12,Affiliate,Fashion Blogs,11085.94,122,2271,42,13,46058.8
2025-12-13,Meta,Always On,5081.14,169,3269,46,13,54735.02
2025-12-13,Meta,,3454.79,63,1384,21,9,22555.53
2025-12-13,Google,Brand Search,7813.0,114,2885,52,15,46777.04
2025-12-13,Google,Generic Search,11753.16,67,3043,34,10,28140.63
2025-12-13,Organic,Direct,0.0,178,4852,75,28,112568.55
2025-12-13,Influencer,Creator B,2189.09,72,1586,23,8,19437.22
2025-12-13,Influencer,,2867.33,59,1652,27,8,28646.29
2025-12-13,Affiliate,Coupon Partners,6784.87,72,1457,26,10,24937.84
2025-12-13,Affiliate,Deal Week,4181.54,44,2293,34,12,31039.77
2025-12-14,Meta,Flash Sale,4785.48,85,2802,20,8,18049.41
2025-12-14,Google,Brand Search,6494.99,66,1886,16,4,19569.69
2025-12-14,Organic,Email CRM,0.0,54,1663,31,8,51030.92
2025-12-14,Influencer,Creator A,4826.46,30,1574,30,11,28201.95
2025-12-14,Influencer,Creator B,6962.05,27,1297,24,7,24320.17
2025-12-14,Affiliate,Deal Week,13329.03,150,3095,20,7,16124.93
2025-12-14,Affiliate,Cashback Partners,3363.79,129,3745,41,11,49649.3
2025-12-15,Meta,Always On,13505.1,27,1591,26,10,22090.1
2025-12-15,Meta,Flash Sale,3959.09,62,3928,62,26,68578.6
2025-12-15,Google,Remarketing,2576.18,93,2741,20,8,21650.77
2025-12-15,Google,Shopping Ads,10150.86,23,1087,15,7,17426.47
2025-12-15,Organic,WhatsApp Community,0.0,148,3432,27,11,41551.94
2025-12-15,Influencer,Creator B,5319.11,20,430,6,2,6865.92
2025-12-15,Influencer,Celebrity Drop,2907.33,14,560,5,2,4956.29
2025-12-15,Affiliate,Deal Week,4560.19,69,1778,12,5,12250.97
2025-12-16,Meta,,10109.64,48,2263,16,7,17832.71
2025-12-16,Meta,New Collection,12146.31,100,3669,66,28,69693.73
2025-12-16,Google,,4489.05,48,950,15,6,15464.31
2025-12-16,Organic,Direct,0.0,73,1995,36,11,45416.02
2025-12-16,Influencer,Festive Creators,11960.04,69,1361,17,7,15632.01
2025-12-16,Influencer,Celebrity Drop,5490.7,23,967,11,5,10600.34
2025-12-16,Affiliate,Deal Week,4938.1,92,3269,35,13,28354.59
2025-12-16,Affiliate,Cashback Partners,6960.0,121,3574,50,21,49477.43
2025-12-17,Meta,Always On,16990.29,99,2880,31,11,25025.26
2025-12-17,Google,Performance Max,5393.51,48,874,14,6,14762.52
2025-12-17,Organic,Instagram Organic,0.0,71,3636,60,16,87693.68
2025-12-17,Influencer,Festive Creators,4246.94,98,1999,35,15,36862.18
2025-12-17,Affiliate,Fashion Blogs,5664.43,111,2247,21,5,23330.25
2025-12-18,Meta,Lookalike,6242.25,167,4494,58,19,46751.19
2025-12-18,Google,Diwali Search,2218.35,45,1574,14,4,11650.57
2025-12-18,Organic,,0.0,76,2127,14,5,18164.7
2025-12-18,Influencer,Celebrity Drop,5541.23,114,4278,65,19,75338.57
2025-12-18,Affiliate,Deal Week,2229.69,48,1031,14,6,15702.34
